,SKU,Produto,Quantidade Vendida,Primeiro Nome,Sobrenome,Data,Loja,Preco Unitario,Unnamed: 8
2,HL1148,Câmera,2,Camila,Sobral,10/21/2018,Fortaleza,2100,
3,HL1918,iPhone,3,Clara,Bruno,7/8/2018,Fortaleza,5300,
4,HL9962,Android,4,Eduardo,Pacheco,12/19/2018,Fortaleza,3400,
11,HL1918,iPhone,2,Rafael,Rocha,12/22/2018,Fortaleza,5300,
15,HL2714,Tablet,2,Caio,Ferreira,7/26/2018,Fortaleza,1600,
16,HL8851,Notebook,3,Mariana,Freire,11/4/2018,Fortaleza,3500,
29,HL2714,Tablet,1,Pedro,Oliveira,12/17/2018,Fortaleza,1600,
53,HL1918,iPhone,3,Raphael,Guedes,7/28/2018,Fortaleza,5300,
84,HL2714,Tablet,5,Lucas,Costa,9/14/2018,Fortaleza,1600,
100,HL1918,iPhone,1,Raul,Junqueira,1/17/2018,Fortaleza,5300,
104,HL1918,iPhone,4,Rubens,Netto,1/8/2018,Fortaleza,5300,
105,HL1918,iPhone,2,Isabel,Leite,6/2/2018,Fortaleza,5300,
108,HL4379,Televisão,4,Débora,Lopes,3/5/2018,Fortaleza,2500,
131,HL1918,iPhone,3,Rilson,Dias,6/7/2018,Fortaleza,5300,
138,HL8851,Notebook,2,Lucas,Costa,12/24/2018,Fortaleza,3500,
141,HL1918,iPhone,3,Eduardo,Nunes,10/19/2018,Fortaleza,5300,
147,HL7348,SmartWatch,5,Andreza,Ramos,1/19/2018,Fortaleza,1400,
157,HL4379,Televisão,4,Marcelo,Guadagnino,7/23/2018,Fortaleza,2500,
163,HL1918,iPhone,3,Katharina,Barros,3/12/2018,Fortaleza,5300,
165,HL1918,iPhone,3,Rafaela,Ferreira,12/19/2018,Fortaleza,5300,
169,HL9962,Android,4,Gabriella,Sagrillo,7/24/2018,Fortaleza,3400,
192,HL4379,Televisão,3,Roberta,Nogueira,6/24/2018,Fortaleza,2500,
199,HL4379,Televisão,3,João,Guadagnino,6/17/2018,Fortaleza,2500,
200,HL1148,Câmera,5,Michelle,Figueiredo,2/9/2018,Fortaleza,2100,
211,HL1918,iPhone,2,Matheus,Miranda,12/31/2018,Fortaleza,5300,
222,HL4379,Televisão,5,Mônica,Rotolo,9/3/2018,Fortaleza,2500,
230,HL8851,Notebook,1,Juliana,Correa,5/30/2018,Fortaleza,3500,
232,HL9962,Android,2,Lucas,Freire,2/8/2018,Fortaleza,3400,
234,HL4379,Televisão,1,Jonatas,Passos,12/20/2018,Fortaleza,2500,
236,HL1918,iPhone,5,Caio,Moraes,6/17/2018,Fortaleza,5300,
245,HL8851,Notebook,3,Daniel,Nauenberg,7/10/2018,Fortaleza,3500,
247,HL1918,iPhone,2,Viviane,Souza,8/9/2018,Fortaleza,5300,
252,HL1918,iPhone,3,Marina,Aragão,12/25/2018,Fortaleza,5300,
274,HL1148,Câmera,2,Antonio,Bernhardt,6/26/2018,Fortaleza,2100,
279,HL9962,Android,2,Jonatas,Essaber,4/3/2018,Fortaleza,3400,
296,HL9962,Android,5,Bernardo,Nauenberg,2/22/2018,Fortaleza,3400,
313,HL7348,SmartWatch,1,Juliana,Barreira,1/31/2018,Fortaleza,1400,
320,HL1918,iPhone,2,Rodrigo,Alves,11/19/2018,Fortaleza,5300,
325,HL4379,Televisão,5,Lucas,Lemos,8/12/2018,Fortaleza,2500,
327,HL7348,SmartWatch,5,Wendela,Mariz,5/24/2018,Fortaleza,1400,
338,HL1918,iPhone,5,Rachel,Silva,11/16/2018,Fortaleza,5300,
340,HL1918,iPhone,1,Rodrigo,Ramos,5/6/2018,Fortaleza,5300,
367,HL7348,SmartWatch,1,Michelle,Figueiredo,3/27/2018,Fortaleza,1400,
382,HL7348,SmartWatch,1,Cézar,Santos,11/17/2018,Fortaleza,1400,
383,HL9962,Android,4,Hércules,Moreira,8/1/2018,Fortaleza,3400,
384,HL2714,Tablet,1,Ives,Barbosa,4/27/2018,Fortaleza,1600,
385,HL9962,Android,2,José,Jesus,12/5/2018,Fortaleza,3400,
387,HL4379,Televisão,5,Guilherme,Lima,5/9/2018,Fortaleza,2500,
391,HL7348,SmartWatch,5,Ives,Teixeira,10/31/2018,Fortaleza,1400,
394,HL1918,iPhone,5,Lucas,Monte,12/25/2018,Fortaleza,5300,
400,HL8851,Notebook,5,Vitor,Campos,8/24/2018,Fortaleza,3500,
403,HL1148,Câmera,4,Gabriela,Mello,6/20/2018,Fortaleza,2100,
405,HL1918,iPhone,4,Lara,Moreira,12/23/2018,Fortaleza,5300,
416,HL1918,iPhone,5,Samara,Pinto,4/3/2018,Fortaleza,5300,
426,HL8851,Notebook,4,Thiago,Miura,7/15/2018,Fortaleza,3500,
437,HL9962,Android,4,Michelle,Pereira,6/14/2018,Fortaleza,3400,
448,HL4379,Televisão,5,Carlos,Azevedo,2/13/2018,Fortaleza,2500,
449,HL1918,iPhone,2,Anderson,Cavalcanti,10/17/2018,Fortaleza,5300,
459,HL8851,Notebook,4,Beatriz,Biase,7/28/2018,Fortaleza,3500,
465,HL7348,SmartWatch,2,Clara,Bruno,12/10/2018,Fortaleza,1400,
482,HL1918,iPhone,1,Matheus,Delgado,5/20/2018,Fortaleza,5300,
486,HL1918,iPhone,1,Jéssica,Netto,1/8/2018,Fortaleza,5300,
495,HL2714,Tablet,5,Tayla,Lima,1/27/2018,Fortaleza,1600,
496,HL8851,Notebook,5,Michelle,Pereira,3/1/2018,Fortaleza,3500,
499,HL8851,Notebook,5,Maria,Motta,6/9/2018,Fortaleza,3500,
505,HL4379,Televisão,2,Cézar,Santos,4/15/2018,Fortaleza,2500,
509,HL9962,Android,1,Natalia,Marinho,7/18/2018,Fortaleza,3400,
511,HL1918,iPhone,4,Antonio,Bernhardt,11/9/2018,Fortaleza,5300,
517,HL1918,iPhone,1,Juliana,Silva,8/19/2018,Fortaleza,5300,
518,HL1918,iPhone,4,Lucas,Assunção,7/27/2018,Fortaleza,5300,
527,HL4379,Televisão,1,Gustavo,Guimarães,10/23/2018,Fortaleza,2500,
535,HL4379,Televisão,5,Lucas,Lima,10/9/2018,Fortaleza,2500,
537,HL1148,Câmera,3,Dandara,Reis,3/18/2018,Fortaleza,2100,
538,HL4379,Televisão,1,Lucas,Almeida,12/24/2018,Fortaleza,2500,
547,HL1918,iPhone,2,Giovanna,Santos,1/27/2018,Fortaleza,5300,
554,HL7348,SmartWatch,1,Alexandre,Rodriguez,8/14/2018,Fortaleza,1400,
562,HL1918,iPhone,4,Dykson,Silva,1/18/2018,Fortaleza,5300,
569,HL2714,Tablet,1,Bruna,Chein,5/21/2018,Fortaleza,1600,
574,HL1918,iPhone,2,Gustavo,Gomes,9/25/2018,Fortaleza,5300,
584,HL7348,SmartWatch,5,David,Vasconcelos,2/15/2018,Fortaleza,1400,
585,HL4379,Televisão,5,Isabela,Teixeira,12/16/2018,Fortaleza,2500,
590,HL9962,Android,2,Jorge,Fonseca,7/27/2018,Fortaleza,3400,
603,HL8851,Notebook,1,Adriana,Passos,8/15/2018,Fortaleza,3500,
605,HL7348,SmartWatch,1,Bruna,Silva,2/22/2018,Fortaleza,1400,
608,HL4379,Televisão,4,Ana,Soledade,7/18/2018,Fortaleza,2500,
611,HL8851,Notebook,5,Fernanda,Coutinho,2/17/2018,Fortaleza,3500,
621,HL8851,Notebook,2,Arthur,Fernandes,2/16/2018,Fortaleza,3500,
629,HL9962,Android,4,Raissa,Pinheiro,1/29/2018,Fortaleza,3400,
635,HL4379,Televisão,5,Jorge,Carvalho,8/21/2018,Fortaleza,2500,
642,HL7348,SmartWatch,2,Gabriel,Pereira,2/20/2018,Fortaleza,1400,
646,HL4379,Televisão,2,Rachel,Silva,2/11/2018,Fortaleza,2500,
649,HL9962,Android,2,João,Junior,11/12/2018,Fortaleza,3400,
650,HL4379,Televisão,3,Caio,Affonso,3/21/2018,Fortaleza,2500,
677,HL1918,iPhone,2,Raul,Silveira,12/10/2018,Fortaleza,5300,
695,HL2714,Tablet,3,Rodrigo,Alves,7/12/2018,Fortaleza,1600,
707,HL1148,Câmera,5,Julia,Silva,11/10/2018,Fortaleza,2100,
714,HL9962,Android,5,Juliana,Goes,7/3/2018,Fortaleza,3400,
717,HL8851,Notebook,4,Ravena,Bhering,5/23/2018,Fortaleza,3500,
718,HL1148,Câmera,5,Deysiane,Medronho,11/7/2018,Fortaleza,2100,
725,HL2714,Tablet,4,Mariana,Freire,5/7/2018,Fortaleza,1600,
734,HL4379,Televisão,5,Raphael,Kurtz,10/13/2018,Fortaleza,2500,
741,HL4379,Televisão,2,Caroline,Pinto,6/20/2018,Fortaleza,2500,
747,HL4379,Televisão,1,Luiza,Cavalcanti,5/8/2018,Fortaleza,2500,
750,HL1918,iPhone,1,Leandro,Rodrigues,9/29/2018,Fortaleza,5300,
762,HL1918,iPhone,5,Elena,Barreto,5/25/2018,Fortaleza,5300,
772,HL1918,iPhone,4,Thales,Andrade,11/26/2018,Fortaleza,5300,
773,HL4379,Televisão,2,Lívia,Marques,7/23/2018,Fortaleza,2500,
778,HL4379,Televisão,3,Raissa,Maia,12/10/2018,Fortaleza,2500,
795,HL4379,Televisão,1,Diogo,Peixoto,7/18/2018,Fortaleza,2500,
797,HL4379,Televisão,5,Itai,Puntel,7/4/2018,Fortaleza,2500,
800,HL7348,SmartWatch,3,Brenno,Santos,1/3/2018,Fortaleza,1400,
812,HL8851,Notebook,2,Luiza,Procaci,4/5/2018,Fortaleza,3500,
815,HL1918,iPhone,2,Anízio,Carvalho,12/16/2018,Fortaleza,5300,
823,HL2714,Tablet,2,Bárbara,Cavalcante,2/27/2018,Fortaleza,1600,
830,HL1918,iPhone,1,Tainah,Nogueira,6/15/2018,Fortaleza,5300,
835,HL9962,Android,1,Gabriel,Ribeiro,1/29/2018,Fortaleza,3400,
860,HL9962,Android,2,Maria,Costa,5/2/2018,Fortaleza,3400,
861,HL9962,Android,5,Guilherme,Assis,8/26/2018,Fortaleza,3400,
867,HL4379,Televisão,5,Ana,Leite,9/5/2018,Fortaleza,2500,
871,HL7348,SmartWatch,1,Hércules,Moreira,4/9/2018,Fortaleza,1400,
874,HL1148,Câmera,4,Fernanda,Rubim,9/11/2018,Fortaleza,2100,
879,HL1918,iPhone,3,Jorge,Fonseca,1/11/2018,Fortaleza,5300,
881,HL8851,Notebook,3,Milena,Almeida,1/11/2018,Fortaleza,3500,
887,HL4379,Televisão,4,Joyce,Souza,7/12/2018,Fortaleza,2500,
893,HL1148,Câmera,4,Renan,Melo,1/29/2018,Fortaleza,2100,
897,HL1918,iPhone,1,Cézar,Santos,2/14/2018,Fortaleza,5300,
898,HL1918,iPhone,2,Luiz,Xavier,5/30/2018,Fortaleza,5300,
915,HL4379,Televisão,1,Isabelle,Firmino,3/13/2018,Fortaleza,2500,
917,HL7348,SmartWatch,1,Pedro,Oliveira,11/1/2018,Fortaleza,1400,
936,HL1918,iPhone,3,Pedro,Rodrigues,6/5/2018,Fortaleza,5300,
964,HL7348,SmartWatch,5,Carlos,Azevedo,8/30/2018,Fortaleza,1400,
986,HL1148,Câmera,5,Aline,Morais,9/30/2018,Fortaleza,2100,
994,HL8851,Notebook,3,Guilherme,Vianna,7/5/2018,Fortaleza,3500,
1007,HL2714,Tablet,3,Giovana,Vilela,7/5/2018,Fortaleza,1600,
1025,HL4379,Televisão,3,Lucas,Assunção,4/19/2018,Fortaleza,2500,
1044,HL1918,iPhone,4,Rafaela,Gomes,11/8/2018,Fortaleza,5300,
1061,HL2714,Tablet,3,Pedro,Santos,9/30/2018,Fortaleza,1600,
1074,HL1918,iPhone,5,Marina,Perdomo,1/27/2018,Fortaleza,5300,
1075,HL8851,Notebook,2,Jônatas,Soares,9/22/2018,Fortaleza,3500,
1077,HL4379,Televisão,5,Giuseppe,Bhering,3/30/2018,Fortaleza,2500,
1091,HL4379,Televisão,3,Danilo,Rubim,7/16/2018,Fortaleza,2500,
1100,HL7348,SmartWatch,1,Silvio,Provenzano,5/26/2018,Fortaleza,1400,
1103,HL2714,Tablet,4,Victor,Gomes,12/4/2018,Fortaleza,1600,
1107,HL1918,iPhone,4,Jeferson,Costa,7/17/2018,Fortaleza,5300,
1115,HL1918,iPhone,3,Carlos,Barbosa,8/23/2018,Fortaleza,5300,
1126,HL9962,Android,3,Carla,Zakhm,9/3/2018,Fortaleza,3400,
1138,HL4379,Televisão,1,Gabrielle,Viríssimo,9/11/2018,Fortaleza,2500,
1153,HL1148,Câmera,1,Lucas,Neto,8/3/2018,Fortaleza,2100,
1162,HL2714,Tablet,3,Erick,Soares,7/21/2018,Fortaleza,1600,
1164,HL1148,Câmera,5,Luiz,Conceição,9/24/2018,Fortaleza,2100,
1180,HL9962,Android,3,Gabriela,Cavalcanti,5/19/2018,Fortaleza,3400,
1181,HL2714,Tablet,4,Rachel,Silva,8/4/2018,Fortaleza,1600,
1187,HL1148,Câmera,5,Joao,Silva,9/11/2018,Fortaleza,2100,
1192,HL4379,Televisão,1,Guilherme,Santos,10/7/2018,Fortaleza,2500,
1204,HL1148,Câmera,1,Gustavo,Accardo,1/19/2018,Fortaleza,2100,
1216,HL9962,Android,2,Marina,Gama,10/10/2018,Fortaleza,3400,
1221,HL2714,Tablet,4,Camille,Silva,8/29/2018,Fortaleza,1600,
1229,HL7348,SmartWatch,5,Douglas,Rodrigues,8/7/2018,Fortaleza,1400,
1238,HL1918,iPhone,4,Marcela,Medeiros,4/27/2018,Fortaleza,5300,
1242,HL9962,Android,1,Caio,Vianna,6/18/2018,Fortaleza,3400,
1249,HL2714,Tablet,5,Renan,Melo,6/26/2018,Fortaleza,1600,
1251,HL4379,Televisão,2,Jéssica,Resinente,8/22/2018,Fortaleza,2500,
1259,HL1148,Câmera,2,Wen,Santos,4/18/2018,Fortaleza,2100,
1261,HL1918,iPhone,1,João,Guadagnino,3/11/2018,Fortaleza,5300,
1270,HL1918,iPhone,4,Juliana,Goes,10/27/2018,Fortaleza,5300,
1273,HL2714,Tablet,5,João,Oliveira,1/7/2018,Fortaleza,1600,
1276,HL4379,Televisão,4,Lucas,Neto,5/1/2018,Fortaleza,2500,
1277,HL1918,iPhone,2,Ulisses,Filho,3/19/2018,Fortaleza,5300,
1284,HL9962,Android,4,Priscila,Carvalho,7/14/2018,Fortaleza,3400,
1291,HL1918,iPhone,3,Daniela,Pereira,2/9/2018,Fortaleza,5300,
1297,HL8851,Notebook,4,Antonio,Manhães,1/16/2018,Fortaleza,3500,
1315,HL2714,Tablet,3,Daniel,Terra,11/26/2018,Fortaleza,1600,
1321,HL9962,Android,3,Pedro,Lyra,3/20/2018,Fortaleza,3400,
1331,HL7348,SmartWatch,4,Fernanda,Ferreira,4/4/2018,Fortaleza,1400,
1333,HL7348,SmartWatch,3,Carolina,Santos,2/3/2018,Fortaleza,1400,
1334,HL2714,Tablet,4,Lucas,Chagas,9/24/2018,Fortaleza,1600,
1336,HL1148,Câmera,4,Clara,Bruno,7/11/2018,Fortaleza,2100,
1351,HL1918,iPhone,2,Jônatas,Soares,7/5/2018,Fortaleza,5300,
1358,HL1918,iPhone,4,João,Luz,7/13/2018,Fortaleza,5300,
1359,HL4379,Televisão,4,Camille,Silva,11/4/2018,Fortaleza,2500,
1360,HL2714,Tablet,4,Cézar,Santos,11/11/2018,Fortaleza,1600,
1362,HL9962,Android,5,Nathan,Morelli,12/11/2018,Fortaleza,3400,
1371,HL9962,Android,5,Jessica,Ferreira,7/8/2018,Fortaleza,3400,
1376,HL7348,SmartWatch,3,Larissa,Florim,3/21/2018,Fortaleza,1400,
1381,HL7348,SmartWatch,3,Sylvio,Bernhardt,1/30/2018,Fortaleza,1400,
1384,HL4379,Televisão,5,Matheus,Ramos,9/26/2018,Fortaleza,2500,
1387,HL1918,iPhone,3,Beatriz,Rocha,6/14/2018,Fortaleza,5300,
1405,HL2714,Tablet,2,Hércules,Júnior,10/15/2018,Fortaleza,1600,
1415,HL8851,Notebook,4,Beatriz,Perdomo,9/23/2018,Fortaleza,3500,
1418,HL4379,Televisão,1,Guilherme,Lima,4/22/2018,Fortaleza,2500,
1430,HL4379,Televisão,2,Milena,Alcoforado,11/10/2018,Fortaleza,2500,
1442,HL1148,Câmera,3,Rodrigo,Bruno,8/14/2018,Fortaleza,2100,
1444,HL2714,Tablet,3,Luiz,Conceição,12/7/2018,Fortaleza,1600,
1455,HL8851,Notebook,3,Vanessa,Rodrigues,7/25/2018,Fortaleza,3500,
1483,HL2714,Tablet,5,Luiza,Marques,11/2/2018,Fortaleza,1600,
1488,HL4379,Televisão,4,Eduardo,Pacheco,2/8/2018,Fortaleza,2500,
1490,HL4379,Televisão,1,Breno,Britto,1/23/2018,Fortaleza,2500,
1502,HL8851,Notebook,4,Thales,Portillo,5/10/2018,Fortaleza,3500,
1511,HL1918,iPhone,3,Marina,Cormack,9/5/2018,Fortaleza,5300,
1517,HL9962,Android,5,Bernardo,Souza,4/4/2018,Fortaleza,3400,
1528,HL1148,Câmera,3,Letícia,Araujo,10/22/2018,Fortaleza,2100,
1530,HL4379,Televisão,1,Marina,Miranda,11/26/2018,Fortaleza,2500,
1540,HL7348,SmartWatch,3,Gustavo,Accardo,9/25/2018,Fortaleza,1400,
1564,HL4379,Televisão,1,Livia,Cozendey,10/21/2018,Fortaleza,2500,
1565,HL2714,Tablet,5,Lívia,Marques,11/24/2018,Fortaleza,1600,
1580,HL8851,Notebook,1,Natalia,Accioly,1/15/2018,Fortaleza,3500,
1582,HL8851,Notebook,3,Bruna,Franco,5/28/2018,Fortaleza,3500,
1597,HL1918,iPhone,2,Lunna,Vannier,10/24/2018,Fortaleza,5300,
1601,HL1918,iPhone,4,Ana,Gonzaga,6/12/2018,Fortaleza,5300,
1602,HL7348,SmartWatch,1,Antônio,Oliveira,12/31/2018,Fortaleza,1400,
1607,HL1918,iPhone,5,Thiago,Veiga,4/23/2018,Fortaleza,5300,
1610,HL1918,iPhone,2,Eric,Neves,12/23/2018,Fortaleza,5300,
1613,HL1148,Câmera,3,Gabriel,Thoni,4/8/2018,Fortaleza,2100,
1616,HL4379,Televisão,2,Fernanda,Figueiredo,9/11/2018,Fortaleza,2500,
1630,HL4379,Televisão,3,Karine,Barros,6/3/2018,Fortaleza,2500,
1638,HL1918,iPhone,3,Maria,Costa,12/10/2018,Fortaleza,5300,
1639,HL4379,Televisão,2,Matheus,Afonso,9/2/2018,Fortaleza,2500,
1652,HL1918,iPhone,5,Natalia,Accioly,10/25/2018,Fortaleza,5300,
1653,HL8851,Notebook,2,Thales,Portillo,4/16/2018,Fortaleza,3500,
1667,HL4379,Televisão,1,Michelle,Miura,11/16/2018,Fortaleza,2500,
1670,HL4379,Televisão,5,Wendela,Veloso,9/16/2018,Fortaleza,2500,
1674,HL1918,iPhone,1,Bruno,Salomão,5/10/2018,Fortaleza,5300,
1676,HL8851,Notebook,3,Rafaela,Rodrigues,4/9/2018,Fortaleza,3500,
1684,HL4379,Televisão,4,Caroll,Johnson,10/3/2018,Fortaleza,2500,
1695,HL8851,Notebook,2,Raphael,Machado,10/25/2018,Fortaleza,3500,
1698,HL2714,Tablet,5,Antonio,Manhães,6/17/2018,Fortaleza,1600,
1700,HL4379,Televisão,2,Pedro,Oliveira,9/4/2018,Fortaleza,2500,
1705,HL7348,SmartWatch,3,Wilson,Farias,2/20/2018,Fortaleza,1400,
1706,HL1918,iPhone,2,Ana,Gonzaga,7/12/2018,Fortaleza,5300,
1709,HL7348,SmartWatch,2,Livia,Codeceira,10/24/2018,Fortaleza,1400,
1710,HL7348,SmartWatch,2,Chan,Santos,1/3/2018,Fortaleza,1400,
1718,HL1148,Câmera,3,Gabriel,Azevedo,5/23/2018,Fortaleza,2100,
1719,HL9962,Android,2,Raphael,Coelho,1/8/2018,Fortaleza,3400,
1720,HL2714,Tablet,1,Beatriz,Cavalcanti,10/31/2018,Fortaleza,1600,
1722,HL4379,Televisão,2,Beatriz,Silva,7/12/2018,Fortaleza,2500,
1723,HL8851,Notebook,2,Lucas,Reis,1/11/2018,Fortaleza,3500,
1740,HL8851,Notebook,5,Matheus,Silva,9/4/2018,Fortaleza,3500,
1759,HL1918,iPhone,5,Lucas,Freire,1/17/2018,Fortaleza,5300,
1771,HL4379,Televisão,1,Mateus,Polastri,5/12/2018,Fortaleza,2500,
1774,HL1918,iPhone,3,Mariana,Barrozo,5/30/2018,Fortaleza,5300,
1777,HL2714,Tablet,1,Marina,Perdomo,11/4/2018,Fortaleza,1600,
1784,HL9962,Android,2,Pedro,Cardoso,12/13/2018,Fortaleza,3400,
1789,HL9962,Android,1,Mateus,Polastri,9/8/2018,Fortaleza,3400,
1804,HL4379,Televisão,3,Alon,Palmeira,2/14/2018,Fortaleza,2500,
1812,HL4379,Televisão,3,Bianca,Procaci,8/18/2018,Fortaleza,2500,
1818,HL1918,iPhone,5,Raísa,Berto,7/21/2018,Fortaleza,5300,
1841,HL4379,Televisão,4,Nicolas,Monteiro,1/6/2018,Fortaleza,2500,
1843,HL8851,Notebook,1,Gabriel,Puntel,9/19/2018,Fortaleza,3500,
1845,HL1918,iPhone,4,Bianca,Piero,9/11/2018,Fortaleza,5300,
1860,HL1918,iPhone,2,Fernanda,Coutinho,12/5/2018,Fortaleza,5300,
1865,HL7348,SmartWatch,1,Julia,Penteado,5/3/2018,Fortaleza,1400,
1872,HL1148,Câmera,2,Thomáz,Rodriguez,8/21/2018,Fortaleza,2100,
1891,HL1148,Câmera,3,Victor,Firmino,1/24/2018,Fortaleza,2100,
1896,HL9962,Android,3,Anna,Figueiredo,4/13/2018,Fortaleza,3400,
1904,HL1918,iPhone,5,Thomaz,Ferreira,2/3/2018,Fortaleza,5300,
1906,HL8851,Notebook,2,Chan,Santos,1/17/2018,Fortaleza,3500,
1922,HL4379,Televisão,2,Giselia,Thiele,3/30/2018,Fortaleza,2500,
1954,HL4379,Televisão,2,Izabel,Miura,4/13/2018,Fortaleza,2500,
1956,HL8851,Notebook,4,Mateus,Maia,8/3/2018,Fortaleza,3500,
1961,HL4379,Televisão,2,Matheus,Santos,10/3/2018,Fortaleza,2500,
1962,HL1918,iPhone,1,Arthur,Portela,8/15/2018,Fortaleza,5300,
1971,HL1918,iPhone,2,Rebeca,Reis,10/14/2018,Fortaleza,5300,
1989,HL1918,iPhone,1,Julie,Ferreira,2/4/2018,Fortaleza,5300,
1990,HL1918,iPhone,3,Julia,Figueiredo,4/26/2018,Fortaleza,5300,
1995,HL1918,iPhone,1,Hércules,Moreira,10/22/2018,Fortaleza,5300,
1997,HL9962,Android,3,Victor,Gomes,6/5/2018,Fortaleza,3400,
2020,HL4379,Televisão,3,Miguel,Carneiro,11/3/2018,Fortaleza,2500,
2021,HL8851,Notebook,3,Caroline,Aquino,9/3/2018,Fortaleza,3500,
2035,HL1148,Câmera,2,Bruna,Rosa,1/18/2018,Fortaleza,2100,
2045,HL8851,Notebook,3,Jeferson,Costa,10/16/2018,Fortaleza,3500,
2055,HL9962,Android,1,Rafaela,Gomes,6/12/2018,Fortaleza,3400,
2076,HL7348,SmartWatch,2,Mariana,Freire,10/15/2018,Fortaleza,1400,
2083,HL1148,Câmera,1,Ives,Teixeira,2/5/2018,Fortaleza,2100,
2101,HL9962,Android,5,Natalia,Marinho,11/16/2018,Fortaleza,3400,
2118,HL4379,Televisão,3,Ana,Leite,1/6/2018,Fortaleza,2500,
2123,HL9962,Android,5,Marina,Cormack,6/27/2018,Fortaleza,3400,
2132,HL1918,iPhone,5,Maria,Correa,8/11/2018,Fortaleza,5300,
2149,HL7348,SmartWatch,2,Joyce,Souza,9/30/2018,Fortaleza,1400,
2175,HL8851,Notebook,2,Diogo,Ressurreição,12/25/2018,Fortaleza,3500,
2176,HL8851,Notebook,3,Thales,Santos,12/26/2018,Fortaleza,3500,
2185,HL8851,Notebook,1,Carolina,Siqueira,2/16/2018,Fortaleza,3500,
2190,HL2714,Tablet,2,Breno,Varella,8/30/2018,Fortaleza,1600,
2193,HL1148,Câmera,5,Adrielle,Forte,7/3/2018,Fortaleza,2100,
2194,HL1918,iPhone,5,Rafael,Guimarães,12/21/2018,Fortaleza,5300,
2210,HL1918,iPhone,5,Sandy,Figueiredo,3/24/2018,Fortaleza,5300,
2211,HL1148,Câmera,1,Ana,Almeida,6/25/2018,Fortaleza,2100,
2212,HL8851,Notebook,2,Juliana,Hollander,7/31/2018,Fortaleza,3500,
2215,HL8851,Notebook,1,Lucas,Neto,6/12/2018,Fortaleza,3500,
2216,HL4379,Televisão,5,Rogério,Gentile,10/21/2018,Fortaleza,2500,
2222,HL1918,iPhone,1,Bruno,Souza,12/22/2018,Fortaleza,5300,
2240,HL4379,Televisão,1,Marianna,Pestana,5/7/2018,Fortaleza,2500,
2243,HL4379,Televisão,2,Ramon,Araujo,8/11/2018,Fortaleza,2500,
2251,HL4379,Televisão,5,Joyce,Souza,4/23/2018,Fortaleza,2500,
2252,HL1918,iPhone,2,Wilson,Meirelles,9/21/2018,Fortaleza,5300,
2261,HL1918,iPhone,5,Anderson,Barreto,6/22/2018,Fortaleza,5300,
2270,HL1918,iPhone,2,Guilherme,Monteiro,2/19/2018,Fortaleza,5300,
2273,HL1918,iPhone,4,Lucas,Costa,1/5/2018,Fortaleza,5300,
2293,HL1918,iPhone,5,Renan,Freire,11/6/2018,Fortaleza,5300,
2294,HL1148,Câmera,2,Paola,Abreu,5/8/2018,Fortaleza,2100,
2301,HL8851,Notebook,3,Bruna,Franco,5/12/2018,Fortaleza,3500,
2305,HL1918,iPhone,5,Gustavo,Guimarães,9/9/2018,Fortaleza,5300,
2320,HL9962,Android,1,Marcelo,Borges,6/21/2018,Fortaleza,3400,
2325,HL1148,Câmera,1,Samara,Pinto,3/24/2018,Fortaleza,2100,
2327,HL4379,Televisão,4,Julia,Penteado,6/20/2018,Fortaleza,2500,
2340,HL1918,iPhone,1,Rodrigo,Mendes,1/7/2018,Fortaleza,5300,
2342,HL1918,iPhone,3,Fernanda,Silva,5/13/2018,Fortaleza,5300,
2344,HL4379,Televisão,1,Rogério,Gentile,9/7/2018,Fortaleza,2500,
2347,HL1148,Câmera,1,Ana,Silva,8/26/2018,Fortaleza,2100,
2348,HL1918,iPhone,2,Rebeca,Reis,9/28/2018,Fortaleza,5300,
2350,HL9962,Android,5,Bernardo,Ribeiro,2/9/2018,Fortaleza,3400,
2355,HL1918,iPhone,4,Monique,Vasconcelos,4/15/2018,Fortaleza,5300,
2366,HL1148,Câmera,5,Letícia,Araujo,2/24/2018,Fortaleza,2100,
2373,HL1918,iPhone,1,Rodrigo,Souza,8/24/2018,Fortaleza,5300,
2374,HL1918,iPhone,2,Vittorio,Freitas,10/15/2018,Fortaleza,5300,
2380,HL1918,iPhone,2,Gabriel,Silva,6/7/2018,Fortaleza,5300,
2382,HL8851,Notebook,2,Livia,Codeceira,8/28/2018,Fortaleza,3500,
2388,HL4379,Televisão,4,Raíssa,Oliveira,10/11/2018,Fortaleza,2500,
2404,HL8851,Notebook,3,Gabriel,Rocha,2/20/2018,Fortaleza,3500,
2414,HL2714,Tablet,3,Gabriel,Ribeiro,6/6/2018,Fortaleza,1600,
2415,HL2714,Tablet,4,Raíssa,Nimer,5/21/2018,Fortaleza,1600,
2416,HL4379,Televisão,3,Lais,Candido,10/30/2018,Fortaleza,2500,
2430,HL2714,Tablet,2,Eduardo,Lopes,11/13/2018,Fortaleza,1600,
2432,HL7348,SmartWatch,5,Gabriel,Azevedo,11/6/2018,Fortaleza,1400,
2433,HL4379,Televisão,2,Anderson,Cavalcanti,6/13/2018,Fortaleza,2500,
2435,HL4379,Televisão,5,Khaio,Mesquita,8/4/2018,Fortaleza,2500,
2439,HL9962,Android,5,Mariane,Ferreira,3/25/2018,Fortaleza,3400,
2446,HL7348,SmartWatch,4,Pedro,Rodrigues,10/25/2018,Fortaleza,1400,
2447,HL4379,Televisão,2,Célio,Xavier,3/26/2018,Fortaleza,2500,
2452,HL4379,Televisão,1,Tiago,Pereira,10/5/2018,Fortaleza,2500,
2468,HL1918,iPhone,4,Rilson,Dias,6/6/2018,Fortaleza,5300,
2474,HL4379,Televisão,5,Raphael,Kurtz,6/7/2018,Fortaleza,2500,
2489,HL1918,iPhone,5,Adriane,Gomes,8/8/2018,Fortaleza,5300,
2516,HL7348,SmartWatch,4,Raissa,Sales,10/5/2018,Fortaleza,1400,
2517,HL9962,Android,2,Gabrielle,Costa,3/27/2018,Fortaleza,3400,
2537,HL8851,Notebook,4,Luana,Santos,6/18/2018,Fortaleza,3500,
2546,HL1918,iPhone,4,Paloma,Sperandei,7/17/2018,Fortaleza,5300,
2556,HL1918,iPhone,5,Stefan,Santos,4/14/2018,Fortaleza,5300,
2560,HL2714,Tablet,2,Thiago,Nóbrega,11/13/2018,Fortaleza,1600,
2564,HL4379,Televisão,5,Guido,Monteiro,11/15/2018,Fortaleza,2500,
2570,HL1918,iPhone,3,João,Rodrigues,9/12/2018,Fortaleza,5300,
2576,HL4379,Televisão,2,Laura,Araujo,1/17/2018,Fortaleza,2500,
2578,HL8851,Notebook,5,Paula,Cavalcanti,12/25/2018,Fortaleza,3500,
2581,HL4379,Televisão,3,Breno,Britto,6/8/2018,Fortaleza,2500,
2587,HL1918,iPhone,4,Giovana,Vilela,10/10/2018,Fortaleza,5300,
2589,HL4379,Televisão,5,Breno,Costa,2/4/2018,Fortaleza,2500,
2590,HL9962,Android,3,Raul,Junqueira,4/14/2018,Fortaleza,3400,
2592,HL1918,iPhone,2,Rafaella,Mello,8/16/2018,Fortaleza,5300,
2593,HL7348,SmartWatch,3,Gabrielle,Figueiredo,5/29/2018,Fortaleza,1400,
2601,HL1918,iPhone,3,Caio,Moura,2/22/2018,Fortaleza,5300,
2610,HL7348,SmartWatch,2,Rafael,Wajnsztok,9/12/2018,Fortaleza,1400,
2612,HL1148,Câmera,4,Adriana,Carneiro,6/12/2018,Fortaleza,2100,
2620,HL1918,iPhone,3,Patrick,Silva,9/25/2018,Fortaleza,5300,
2626,HL1918,iPhone,3,Lucas,Machado,11/28/2018,Fortaleza,5300,
2630,HL1148,Câmera,1,Clara,Silveira,4/27/2018,Fortaleza,2100,
2637,HL2714,Tablet,1,Júlio,Freire,4/16/2018,Fortaleza,1600,
2643,HL1918,iPhone,2,Giulia,Lopes,3/4/2018,Fortaleza,5300,
2644,HL1918,iPhone,2,Pedro,Oliveira,11/27/2018,Fortaleza,5300,
2657,HL1918,iPhone,2,Elena,Barreto,7/19/2018,Fortaleza,5300,
2658,HL1148,Câmera,1,Adriane,Chagas,5/30/2018,Fortaleza,2100,
2662,HL9962,Android,4,Luiza,Marques,6/17/2018,Fortaleza,3400,
2664,HL8851,Notebook,2,Anna,Silva,1/17/2018,Fortaleza,3500,
2676,HL2714,Tablet,2,Bianca,Procaci,12/25/2018,Fortaleza,1600,
2677,HL7348,SmartWatch,2,Clara,Bruno,9/16/2018,Fortaleza,1400,
2679,HL7348,SmartWatch,1,Jorge,Fonseca,5/12/2018,Fortaleza,1400,
2685,HL1918,iPhone,2,João,Costa,5/12/2018,Fortaleza,5300,
2690,HL1918,iPhone,1,Camilla,Vieira,11/28/2018,Fortaleza,5300,
2691,HL7348,SmartWatch,2,Guilherme,Jordao,4/28/2018,Fortaleza,1400,
2692,HL4379,Televisão,5,Raíssa,Oliveira,5/4/2018,Fortaleza,2500,
2699,HL1918,iPhone,2,Joao,Silva,11/12/2018,Fortaleza,5300,
2702,HL8851,Notebook,1,Mateus,Polastri,4/30/2018,Fortaleza,3500,
2708,HL2714,Tablet,2,Leticia,Mesquita,9/5/2018,Fortaleza,1600,
2738,HL9962,Android,1,João,Bach,10/11/2018,Fortaleza,3400,
2739,HL1148,Câmera,5,Gustavo,Aragão,3/1/2018,Fortaleza,2100,
2744,HL1918,iPhone,4,Pedro,Cardoso,10/23/2018,Fortaleza,5300,
2758,HL1918,iPhone,1,Júlio,Fraga,3/26/2018,Fortaleza,5300,
2776,HL2714,Tablet,1,Vitor,Arruda,9/17/2018,Fortaleza,1600,
2784,HL1148,Câmera,4,Ulisses,Quinto,11/22/2018,Fortaleza,2100,
2790,HL8851,Notebook,2,Beatriz,Cavalcanti,3/22/2018,Fortaleza,3500,
2798,HL8851,Notebook,1,Mariane,Ferreira,11/14/2018,Fortaleza,3500,
2828,HL2714,Tablet,1,Lorena,Carvalho,4/19/2018,Fortaleza,1600,
2837,HL4379,Televisão,1,Matheus,Afonso,2/6/2018,Fortaleza,2500,
2851,HL1918,iPhone,1,Vanessa,Neves,9/9/2018,Fortaleza,5300,
2854,HL9962,Android,5,Rojane,Lima,12/17/2018,Fortaleza,3400,
2858,HL4379,Televisão,4,Breno,Quinto,10/9/2018,Fortaleza,2500,
2859,HL2714,Tablet,1,Matheus,Silva,7/7/2018,Fortaleza,1600,
2860,HL1918,iPhone,1,Isaac,Santos,3/6/2018,Fortaleza,5300,
2879,HL4379,Televisão,1,Eduardo,Ferreira,5/11/2018,Fortaleza,2500,
2884,HL2714,Tablet,4,Tadeu,Nakayama,5/3/2018,Fortaleza,1600,
2887,HL4379,Televisão,3,Lorena,Carvalho,3/15/2018,Fortaleza,2500,
2906,HL1148,Câmera,3,Fernanda,Coutinho,1/5/2018,Fortaleza,2100,
2922,HL8851,Notebook,2,Jonas,Gomes,4/17/2018,Fortaleza,3500,
2927,HL8851,Notebook,5,Maria,Motta,11/6/2018,Fortaleza,3500,
2928,HL7348,SmartWatch,3,Leandro,Ferreira,4/29/2018,Fortaleza,1400,
2931,HL1918,iPhone,4,Diego,Marchesi,10/4/2018,Fortaleza,5300,
2941,HL1148,Câmera,3,Beatriz,Li,10/9/2018,Fortaleza,2100,
2946,HL1918,iPhone,2,Philipe,Morete,9/24/2018,Fortaleza,5300,
2951,HL7348,SmartWatch,1,Letícia,Leal,8/2/2018,Fortaleza,1400,
2958,HL2714,Tablet,4,Célio,Xavier,8/13/2018,Fortaleza,1600,
2960,HL1918,iPhone,3,Luíza,Garcia,9/16/2018,Fortaleza,5300,
2961,HL4379,Televisão,5,Raissa,Maia,3/27/2018,Fortaleza,2500,
2971,HL2714,Tablet,5,Natalia,Accioly,6/24/2018,Fortaleza,1600,
2976,HL1918,iPhone,3,Leonardo,Ferreira,8/10/2018,Fortaleza,5300,
2984,HL8851,Notebook,2,Marianna,Pestana,8/13/2018,Fortaleza,3500,
2989,HL8851,Notebook,5,Tainah,Nogueira,12/28/2018,Fortaleza,3500,
2998,HL8851,Notebook,5,Nathan,Cunha,3/30/2018,Fortaleza,3500,
3001,HL1918,iPhone,3,Rodrigo,Alves,2/14/2018,Fortaleza,5300,
3003,HL4379,Televisão,4,Larissa,Vasconcellos,6/3/2018,Fortaleza,2500,
3005,HL1918,iPhone,4,Alexandre,Rodriguez,7/18/2018,Fortaleza,5300,
3008,HL1148,Câmera,3,Carolina,Siqueira,10/6/2018,Fortaleza,2100,
3021,HL1918,iPhone,1,Fernanda,Bhering,9/21/2018,Fortaleza,5300,
3024,HL2714,Tablet,4,Diego,Marchesi,8/6/2018,Fortaleza,1600,
3034,HL8851,Notebook,3,Andre,Nóbrega,4/20/2018,Fortaleza,3500,
3035,HL7348,SmartWatch,5,Beatriz,Li,6/24/2018,Fortaleza,1400,
3036,HL7348,SmartWatch,3,Julie,Ferreira,8/17/2018,Fortaleza,1400,
3048,HL1918,iPhone,3,Giselia,Thiele,5/4/2018,Fortaleza,5300,
3060,HL1918,iPhone,1,Thomáz,Bôas,8/24/2018,Fortaleza,5300,
3062,HL4379,Televisão,3,Danilo,Rubim,3/24/2018,Fortaleza,2500,
3069,HL2714,Tablet,2,Ylana,Teraoka,9/2/2018,Fortaleza,1600,
3076,HL8851,Notebook,5,Pedro,Martins,1/12/2018,Fortaleza,3500,
3081,HL1918,iPhone,1,Elaine,Santos,12/2/2018,Fortaleza,5300,
3094,HL1918,iPhone,2,Gabriel,Azevedo,2/5/2018,Fortaleza,5300,
3100,HL1918,iPhone,4,Jorge,Fonseca,12/14/2018,Fortaleza,5300,
3101,HL2714,Tablet,4,Roberta,Teixeira,11/15/2018,Fortaleza,1600,
3105,HL1148,Câmera,3,Guilherme,Santos,6/6/2018,Fortaleza,2100,
3106,HL1148,Câmera,1,Leticia,Mesquita,2/28/2018,Fortaleza,2100,
3107,HL4379,Televisão,3,Ana,Soledade,10/2/2018,Fortaleza,2500,
3117,HL1148,Câmera,2,Bárbara,Cavalcante,10/15/2018,Fortaleza,2100,
3121,HL4379,Televisão,1,Marina,Mesquita,10/6/2018,Fortaleza,2500,
3136,HL7348,SmartWatch,4,Adriane,Chagas,11/18/2018,Fortaleza,1400,
3141,HL7348,SmartWatch,4,Roberto,Nogueira,5/4/2018,Fortaleza,1400,
3143,HL4379,Televisão,2,Antônio,Oliveira,12/2/2018,Fortaleza,2500,
3149,HL4379,Televisão,2,Amanda,Braga,6/12/2018,Fortaleza,2500,
3161,HL4379,Televisão,4,Fernanda,Junior,12/5/2018,Fortaleza,2500,
3182,HL8851,Notebook,5,Bianca,Piero,12/8/2018,Fortaleza,3500,
3184,HL9962,Android,1,Myllena,Corrêa,12/24/2018,Fortaleza,3400,
3188,HL2714,Tablet,1,Carlos,Mesquita,8/14/2018,Fortaleza,1600,
3189,HL7348,SmartWatch,4,Giuseppe,Bhering,10/28/2018,Fortaleza,1400,
3208,HL4379,Televisão,5,Marina,Gama,4/20/2018,Fortaleza,2500,
3222,HL9962,Android,5,Caroline,Aquino,5/25/2018,Fortaleza,3400,
3232,HL4379,Televisão,5,Rebeca,Taylor,5/12/2018,Fortaleza,2500,
3234,HL4379,Televisão,1,Dykson,Silva,3/2/2018,Fortaleza,2500,
3240,HL8851,Notebook,2,Lívia,Marques,11/11/2018,Fortaleza,3500,
3247,HL1918,iPhone,5,João,Ribeiro,6/21/2018,Fortaleza,5300,
3257,HL8851,Notebook,2,João,Peçanha,9/19/2018,Fortaleza,3500,
3266,HL2714,Tablet,2,Desirée,Heimlich,8/22/2018,Fortaleza,1600,
3269,HL1918,iPhone,1,João,Monteiro,6/30/2018,Fortaleza,5300,
3275,HL8851,Notebook,1,Lucas,Lemos,3/16/2018,Fortaleza,3500,
3290,HL1918,iPhone,2,Rodrigo,Mendes,7/5/2018,Fortaleza,5300,
3297,HL8851,Notebook,4,Tainah,Nogueira,8/19/2018,Fortaleza,3500,
3299,HL1918,iPhone,4,Júlia,Almeida,6/18/2018,Fortaleza,5300,
3325,HL1918,iPhone,5,Thays,Castro,8/16/2018,Fortaleza,5300,
3326,HL7348,SmartWatch,1,Wilson,Meirelles,12/17/2018,Fortaleza,1400,
3327,HL9962,Android,5,Rogério,Gentile,9/4/2018,Fortaleza,3400,
3332,HL2714,Tablet,5,Rafaela,Gomes,4/17/2018,Fortaleza,1600,
3347,HL4379,Televisão,2,Giulia,Lopes,5/9/2018,Fortaleza,2500,
3348,HL7348,SmartWatch,5,Paula,Carneiro,8/28/2018,Fortaleza,1400,
3355,HL4379,Televisão,3,Rodrigo,Mendes,3/31/2018,Fortaleza,2500,
3364,HL7348,SmartWatch,5,Carolina,Vasconcelos,2/23/2018,Fortaleza,1400,
3374,HL4379,Televisão,3,Julia,Aliani,11/27/2018,Fortaleza,2500,
3380,HL8851,Notebook,5,Miguel,Carneiro,2/9/2018,Fortaleza,3500,
3381,HL1918,iPhone,5,Pedro,Ayres,2/8/2018,Fortaleza,5300,
3390,HL8851,Notebook,5,Larissa,Cruz,7/23/2018,Fortaleza,3500,
3394,HL4379,Televisão,4,Camilla,Guimarães,2/19/2018,Fortaleza,2500,
3400,HL1918,iPhone,1,Stephanie,Gonçalves,12/1/2018,Fortaleza,5300,
3403,HL8851,Notebook,3,Diego,Rodrigues,4/22/2018,Fortaleza,3500,
3407,HL9962,Android,2,Jéssica,Netto,6/14/2018,Fortaleza,3400,
3410,HL7348,SmartWatch,5,Caroline,Cavalcanti,10/11/2018,Fortaleza,1400,
3416,HL1918,iPhone,5,Iuri,Barbosa,2/22/2018,Fortaleza,5300,
3417,HL1918,iPhone,3,Paola,Abreu,10/10/2018,Fortaleza,5300,
3441,HL9962,Android,1,Marcela,Johnson,1/6/2018,Fortaleza,3400,
3448,HL7348,SmartWatch,2,Daniela,Rosa,2/2/2018,Fortaleza,1400,
3450,HL7348,SmartWatch,2,Gabriel,Brito,5/12/2018,Fortaleza,1400,
3453,HL1918,iPhone,2,Rodrigo,Bruno,7/24/2018,Fortaleza,5300,
3454,HL4379,Televisão,4,Vitor,Boccaletti,5/27/2018,Fortaleza,2500,
3455,HL1918,iPhone,2,Leandro,Melo,7/14/2018,Fortaleza,5300,
3457,HL2714,Tablet,2,João,Bach,5/11/2018,Fortaleza,1600,
3458,HL1148,Câmera,2,Gabriela,Aliani,3/16/2018,Fortaleza,2100,
3488,HL1918,iPhone,3,Silvio,Provenzano,4/16/2018,Fortaleza,5300,
3494,HL2714,Tablet,3,Wendela,Mariz,1/19/2018,Fortaleza,1600,
3495,HL4379,Televisão,1,João,Fonseca,5/13/2018,Fortaleza,2500,
3501,HL1148,Câmera,3,João,Monteiro,7/5/2018,Fortaleza,2100,
3504,HL7348,SmartWatch,4,Pedro,Pereira,8/25/2018,Fortaleza,1400,
3507,HL1148,Câmera,1,Rafael,Carneiro,10/7/2018,Fortaleza,2100,
3512,HL8851,Notebook,1,Mariana,Miranda,9/18/2018,Fortaleza,3500,
3533,HL4379,Televisão,3,Renan,Nascimento,9/12/2018,Fortaleza,2500,
3534,HL2714,Tablet,3,Bianca,Allevato,11/9/2018,Fortaleza,1600,
3542,HL1148,Câmera,3,Carlos,Silva,6/4/2018,Fortaleza,2100,
3543,HL9962,Android,1,Lucas,Aragão,11/28/2018,Fortaleza,3400,
3549,HL1148,Câmera,3,Fabio,Boccaletti,10/6/2018,Fortaleza,2100,
3550,HL1918,iPhone,5,Guilherme,Seixas,5/25/2018,Fortaleza,5300,
3554,HL9962,Android,1,Victor,Ferreira,11/20/2018,Fortaleza,3400,
3574,HL1918,iPhone,5,Rebeca,Taylor,12/16/2018,Fortaleza,5300,
3580,HL1918,iPhone,5,Breno,Britto,1/24/2018,Fortaleza,5300,
3585,HL4379,Televisão,5,Ulisses,Arruda,2/15/2018,Fortaleza,2500,
3586,HL1918,iPhone,3,Thainá,Binello,1/22/2018,Fortaleza,5300,
3594,HL4379,Televisão,5,Carlos,Souza,3/2/2018,Fortaleza,2500,
3597,HL8851,Notebook,1,Gabriela,Fernandes,6/21/2018,Fortaleza,3500,
3601,HL1918,iPhone,4,Carlos,Araujo,5/26/2018,Fortaleza,5300,
3613,HL8851,Notebook,2,Douglas,Rodrigues,2/24/2018,Fortaleza,3500,
3615,HL1918,iPhone,3,Livia,Corrêa,7/21/2018,Fortaleza,5300,
3650,HL8851,Notebook,2,Ives,Pinheiro,11/3/2018,Fortaleza,3500,
3654,HL2714,Tablet,5,Izabel,Miura,7/8/2018,Fortaleza,1600,
3658,HL1148,Câmera,5,Lucas,Chagas,7/13/2018,Fortaleza,2100,
3667,HL1148,Câmera,3,Juan,Barbosa,1/21/2018,Fortaleza,2100,
3679,HL8851,Notebook,5,Leonardo,Ferreira,8/5/2018,Fortaleza,3500,
3681,HL9962,Android,5,Thiago,Lima,9/18/2018,Fortaleza,3400,
3690,HL9962,Android,3,Paula,Calbucci,10/23/2018,Fortaleza,3400,
3696,HL1918,iPhone,4,Marina,Correa,4/5/2018,Fortaleza,5300,
3698,HL7348,SmartWatch,5,Sandy,Moreira,12/20/2018,Fortaleza,1400,
3709,HL7348,SmartWatch,2,Guilherme,Lima,5/21/2018,Fortaleza,1400,
3714,HL1918,iPhone,4,Yasser,Calbucci,9/15/2018,Fortaleza,5300,
3716,HL8851,Notebook,3,Carlos,Portela,7/25/2018,Fortaleza,3500,
3718,HL1918,iPhone,1,Breno,Varella,4/11/2018,Fortaleza,5300,
3724,HL4379,Televisão,4,David,Vasconcelos,9/16/2018,Fortaleza,2500,
3741,HL1918,iPhone,5,Matheus,Sapir,3/16/2018,Fortaleza,5300,
3742,HL2714,Tablet,1,Glenda,Santos,12/21/2018,Fortaleza,1600,
3755,HL8851,Notebook,3,Sandy,Ribeiro,4/26/2018,Fortaleza,3500,
3760,HL7348,SmartWatch,3,Laís,Oliveira,12/10/2018,Fortaleza,1400,
3769,HL7348,SmartWatch,5,Mariana,Baptista,2/28/2018,Fortaleza,1400,
3770,HL8851,Notebook,1,Rachel,Silva,1/25/2018,Fortaleza,3500,
3785,HL1918,iPhone,4,Anna,Silva,5/3/2018,Fortaleza,5300,
3787,HL1148,Câmera,3,Juliana,Barreira,7/26/2018,Fortaleza,2100,
3790,HL7348,SmartWatch,2,Felipe,Mello,4/12/2018,Fortaleza,1400,
3794,HL1918,iPhone,5,Gabriel,Puntel,8/23/2018,Fortaleza,5300,
3797,HL2714,Tablet,2,Fernanda,Junior,7/11/2018,Fortaleza,1600,
3799,HL1918,iPhone,1,Julia,Figueiredo,5/29/2018,Fortaleza,5300,
3807,HL7348,SmartWatch,2,Elena,Barreto,1/29/2018,Fortaleza,1400,
3812,HL4379,Televisão,4,Victor,Lira,9/11/2018,Fortaleza,2500,
3823,HL7348,SmartWatch,3,Luíza,Garcia,8/31/2018,Fortaleza,1400,
3830,HL9962,Android,1,Priscila,Carvalho,1/3/2018,Fortaleza,3400,
3833,HL7348,SmartWatch,2,Raphael,Ferman,11/3/2018,Fortaleza,1400,
3834,HL4379,Televisão,2,Eduardo,Veiga,3/9/2018,Fortaleza,2500,
3838,HL1918,iPhone,3,Tiago,Pereira,4/23/2018,Fortaleza,5300,
3841,HL1918,iPhone,3,André,Alves,4/5/2018,Fortaleza,5300,
3862,HL1918,iPhone,2,Matheus,Tostes,6/10/2018,Fortaleza,5300,
3867,HL2714,Tablet,5,Victor,Lira,7/23/2018,Fortaleza,1600,
3869,HL7348,SmartWatch,5,Marina,Perdomo,1/14/2018,Fortaleza,1400,
3878,HL9962,Android,1,Mariane,Racy,8/25/2018,Fortaleza,3400,
3885,HL4379,Televisão,2,Bruna,Brandao,1/18/2018,Fortaleza,2500,
3894,HL4379,Televisão,3,Camila,Sobral,12/7/2018,Fortaleza,2500,
3916,HL7348,SmartWatch,2,Daniela,Andrada,11/9/2018,Fortaleza,1400,
3928,HL7348,SmartWatch,1,Isabella,Montanholi,5/8/2018,Fortaleza,1400,
3936,HL8851,Notebook,1,Carlos,Cardoso,6/17/2018,Fortaleza,3500,
3942,HL4379,Televisão,2,Anna,Figueiredo,11/23/2018,Fortaleza,2500,
3945,HL4379,Televisão,4,Juliana,Silva,11/17/2018,Fortaleza,2500,
3946,HL1918,iPhone,5,Anna,Maia,10/3/2018,Fortaleza,5300,
3951,HL1918,iPhone,1,Izabel,Miura,8/7/2018,Fortaleza,5300,
3955,HL1918,iPhone,3,Lucas,Lemos,9/30/2018,Fortaleza,5300,
3958,HL2714,Tablet,3,Adrielle,Gabriel,3/21/2018,Fortaleza,1600,
3966,HL4379,Televisão,4,Breno,Costa,2/28/2018,Fortaleza,2500,
3969,HL1918,iPhone,3,Bianca,Tatsch,3/15/2018,Fortaleza,5300,
3970,HL4379,Televisão,3,Caio,Caldas,10/11/2018,Fortaleza,2500,
3975,HL4379,Televisão,3,Caio,Vianna,11/18/2018,Fortaleza,2500,
3984,HL2714,Tablet,5,Vitor,Boccaletti,3/31/2018,Fortaleza,1600,
3989,HL1918,iPhone,3,Samara,Pinto,3/23/2018,Fortaleza,5300,
3996,HL1148,Câmera,5,Rodrigo,Feijo,8/16/2018,Fortaleza,2100,
4013,HL4379,Televisão,1,Lucas,Aragão,8/10/2018,Fortaleza,2500,
4014,HL1148,Câmera,1,Nathan,Morelli,4/16/2018,Fortaleza,2100,
4020,HL1148,Câmera,4,Thiago,Costa,1/18/2018,Fortaleza,2100,
4021,HL8851,Notebook,2,Breno,Varella,5/12/2018,Fortaleza,3500,
4027,HL1918,iPhone,4,Deysiane,Medronho,7/11/2018,Fortaleza,5300,
4040,HL7348,SmartWatch,3,Ravena,Bhering,2/16/2018,Fortaleza,1400,
4052,HL7348,SmartWatch,2,Elena,Barreto,11/10/2018,Fortaleza,1400,
4075,HL1918,iPhone,5,Juliana,Souza,3/3/2018,Fortaleza,5300,
4080,HL2714,Tablet,2,Stephanie,Novak,11/20/2018,Fortaleza,1600,
4090,HL1918,iPhone,1,Victor,Franco,10/24/2018,Fortaleza,5300,
4096,HL4379,Televisão,2,Mateus,Duque,2/21/2018,Fortaleza,2500,
4110,HL1918,iPhone,2,Izabel,Miura,3/6/2018,Fortaleza,5300,
4113,HL1918,iPhone,3,Guilherme,Lima,11/9/2018,Fortaleza,5300,
4130,HL2714,Tablet,1,Beatriz,Perdomo,7/21/2018,Fortaleza,1600,
4132,HL2714,Tablet,1,Itai,Puntel,7/5/2018,Fortaleza,1600,
4146,HL7348,SmartWatch,4,Pedro,Rodrigues,10/27/2018,Fortaleza,1400,
4150,HL1148,Câmera,5,Camila,Bastazini,12/12/2018,Fortaleza,2100,
4161,HL1918,iPhone,2,Ana,Miura,5/10/2018,Fortaleza,5300,
4172,HL9962,Android,4,Matheus,Gomes,11/28/2018,Fortaleza,3400,
4173,HL1918,iPhone,1,Fernanda,Figueiredo,12/21/2018,Fortaleza,5300,
4181,HL1918,iPhone,2,Luiz,Xavier,7/10/2018,Fortaleza,5300,
4185,HL7348,SmartWatch,1,Rafael,Carneiro,11/13/2018,Fortaleza,1400,
4192,HL1918,iPhone,1,Beatriz,Rocha,1/29/2018,Fortaleza,5300,
4206,HL1918,iPhone,2,Jonas,Gomes,11/29/2018,Fortaleza,5300,
4209,HL2714,Tablet,3,Gabrielle,Costa,6/18/2018,Fortaleza,1600,
4223,HL7348,SmartWatch,2,Mariana,Miranda,3/1/2018,Fortaleza,1400,
4231,HL1918,iPhone,1,Marina,Marins,3/14/2018,Fortaleza,5300,
4232,HL1918,iPhone,3,Philipe,Morete,5/11/2018,Fortaleza,5300,
4235,HL2714,Tablet,3,Fernanda,Ferreira,2/26/2018,Fortaleza,1600,
4243,HL9962,Android,5,Victor,Gomes,6/26/2018,Fortaleza,3400,
4248,HL7348,SmartWatch,1,David,Assumpção,9/11/2018,Fortaleza,1400,
4252,HL1918,iPhone,4,Lívia,Tanaka,11/17/2018,Fortaleza,5300,
4262,HL8851,Notebook,2,Roberta,Nogueira,5/6/2018,Fortaleza,3500,
4264,HL1918,iPhone,4,Pedro,Conceição,2/9/2018,Fortaleza,5300,
4271,HL1148,Câmera,1,Eduardo,Nunes,6/21/2018,Fortaleza,2100,
4273,HL1918,iPhone,2,Jeferson,Sone,4/30/2018,Fortaleza,5300,
4284,HL9962,Android,5,Guilherme,Vianna,11/12/2018,Fortaleza,3400,
4291,HL1918,iPhone,1,Danilo,Rubim,9/29/2018,Fortaleza,5300,
4310,HL2714,Tablet,4,João,Pedrazza,4/25/2018,Fortaleza,1600,
4322,HL8851,Notebook,4,Sthefeson,Pereira,2/11/2018,Fortaleza,3500,
4323,HL9962,Android,4,Rafael,Carneiro,8/13/2018,Fortaleza,3400,
4326,HL1918,iPhone,2,Natalia,Marinho,12/29/2018,Fortaleza,5300,
4334,HL4379,Televisão,3,Izabel,Lopes,10/26/2018,Fortaleza,2500,
4337,HL9962,Android,1,Lucas,Valim,8/24/2018,Fortaleza,3400,
4339,HL7348,SmartWatch,5,Guilherme,Vianna,9/14/2018,Fortaleza,1400,
4352,HL1918,iPhone,3,Diego,Mello,10/29/2018,Fortaleza,5300,
4353,HL8851,Notebook,2,Priscila,Suzano,4/29/2018,Fortaleza,3500,
4367,HL1918,iPhone,4,Luiz,Campista,1/24/2018,Fortaleza,5300,
4369,HL2714,Tablet,4,Wendela,Mariz,3/7/2018,Fortaleza,1600,
4371,HL4379,Televisão,4,Ulisses,Filho,1/2/2018,Fortaleza,2500,
4382,HL7348,SmartWatch,3,Henrique,Villanova,1/2/2018,Fortaleza,1400,
4393,HL8851,Notebook,4,Bruna,Silva,3/9/2018,Fortaleza,3500,
4399,HL8851,Notebook,5,Gabriella,Sagrillo,4/25/2018,Fortaleza,3500,
4405,HL1918,iPhone,5,Beatriz,Santos,8/20/2018,Fortaleza,5300,
4418,HL1148,Câmera,1,Aline,Morais,8/9/2018,Fortaleza,2100,
4420,HL4379,Televisão,5,Gabriel,Pereira,2/13/2018,Fortaleza,2500,
4439,HL2714,Tablet,1,Lucas,Lima,10/17/2018,Fortaleza,1600,
4446,HL1148,Câmera,3,Giuseppe,Bhering,6/21/2018,Fortaleza,2100,
4454,HL4379,Televisão,5,Joyce,Souza,4/15/2018,Fortaleza,2500,
4464,HL4379,Televisão,3,Camilla,Cardeman,4/11/2018,Fortaleza,2500,
4483,HL1918,iPhone,1,Alessandra,Martins,4/8/2018,Fortaleza,5300,
4492,HL1918,iPhone,1,Roberto,Mattos,6/7/2018,Fortaleza,5300,
4496,HL7348,SmartWatch,2,Daniel,Valente,8/28/2018,Fortaleza,1400,
4504,HL1918,iPhone,3,Renan,Freire,7/17/2018,Fortaleza,5300,
4506,HL1148,Câmera,3,Lucas,Rocha,4/5/2018,Fortaleza,2100,
4512,HL2714,Tablet,3,Luis,Souza,7/5/2018,Fortaleza,1600,
4514,HL1918,iPhone,1,Luíza,Goulart,2/5/2018,Fortaleza,5300,
4517,HL2714,Tablet,3,Henrique,Lencastre,11/28/2018,Fortaleza,1600,
4519,HL1918,iPhone,4,Helvio,Pedrosa,11/22/2018,Fortaleza,5300,
4524,HL9962,Android,4,Philipe,Morete,3/30/2018,Fortaleza,3400,
4527,HL2714,Tablet,4,Silvio,Fahrnholz,12/17/2018,Fortaleza,1600,
4530,HL1918,iPhone,2,Jessica,Ferreira,9/22/2018,Fortaleza,5300,
4535,HL1148,Câmera,4,Catarina,Teixeira,7/9/2018,Fortaleza,2100,
4540,HL1148,Câmera,3,Amanda,Gontijo,8/12/2018,Fortaleza,2100,
4542,HL8851,Notebook,1,Guilherme,Lima,12/2/2018,Fortaleza,3500,
4549,HL2714,Tablet,2,João,Guadagnino,6/24/2018,Fortaleza,1600,
4559,HL1918,iPhone,1,Victor,Zakhm,2/16/2018,Fortaleza,5300,
4567,HL9962,Android,3,Joao,Pereira,2/4/2018,Fortaleza,3400,
4585,HL1148,Câmera,2,Matheus,Ramos,4/3/2018,Fortaleza,2100,
4593,HL4379,Televisão,3,Lunna,Vannier,12/22/2018,Fortaleza,2500,
4600,HL1148,Câmera,4,Luis,Oliveira,11/16/2018,Fortaleza,2100,
4602,HL7348,SmartWatch,1,João,Siqueira,4/25/2018,Fortaleza,1400,
4607,HL1918,iPhone,1,Raíssa,Oliveira,5/6/2018,Fortaleza,5300,
4610,HL9962,Android,1,Leandro,Rodrigues,1/3/2018,Fortaleza,3400,
4614,HL2714,Tablet,5,Juliana,Silva,10/8/2018,Fortaleza,1600,
4615,HL1918,iPhone,2,Gabrielle,Wanderley,10/3/2018,Fortaleza,5300,
4618,HL4379,Televisão,3,Ulisses,Filho,11/12/2018,Fortaleza,2500,
4620,HL4379,Televisão,5,Carolina,Motta,8/29/2018,Fortaleza,2500,
4630,HL2714,Tablet,2,Luana,Santana,6/24/2018,Fortaleza,1600,
4642,HL9962,Android,4,Cícero,Ramos,11/1/2018,Fortaleza,3400,
4646,HL7348,SmartWatch,1,Vanessa,Neves,6/5/2018,Fortaleza,1400,
4647,HL4379,Televisão,3,Raíssa,Oros,4/7/2018,Fortaleza,2500,
4654,HL2714,Tablet,4,Bárbara,Cavalcante,3/31/2018,Fortaleza,1600,
4655,HL7348,SmartWatch,2,Victor,Lira,10/16/2018,Fortaleza,1400,
4673,HL1148,Câmera,3,Luíza,Goulart,6/18/2018,Fortaleza,2100,
4676,HL1148,Câmera,3,Henrique,Silva,9/1/2018,Fortaleza,2100,
4679,HL4379,Televisão,5,Silvio,Fahrnholz,11/20/2018,Fortaleza,2500,
4693,HL9962,Android,2,Diogo,Peixoto,2/15/2018,Fortaleza,3400,
4715,HL4379,Televisão,1,Larissa,Florim,7/26/2018,Fortaleza,2500,
4719,HL2714,Tablet,3,Julia,Penteado,9/13/2018,Fortaleza,1600,
4720,HL9962,Android,3,Ives,Teixeira,3/19/2018,Fortaleza,3400,
4725,HL1918,iPhone,5,Juliana,Correa,1/30/2018,Fortaleza,5300,
4727,HL8851,Notebook,1,João,Peçanha,9/22/2018,Fortaleza,3500,
4739,HL8851,Notebook,4,Arthur,Fernandes,6/19/2018,Fortaleza,3500,
4740,HL1918,iPhone,1,Guilherme,Monteiro,8/3/2018,Fortaleza,5300,
4741,HL1918,iPhone,2,Pedro,Santana,9/16/2018,Fortaleza,5300,
4744,HL1918,iPhone,3,Gabrielle,Viríssimo,6/11/2018,Fortaleza,5300,
4745,HL4379,Televisão,2,Matheus,Silva,3/15/2018,Fortaleza,2500,
4749,HL4379,Televisão,5,Carolina,Figueiredo,11/26/2018,Fortaleza,2500,
4757,HL8851,Notebook,2,Bruno,Temporal,8/15/2018,Fortaleza,3500,
4758,HL9962,Android,1,João,Costa,9/3/2018,Fortaleza,3400,
4760,HL2714,Tablet,3,Eduardo,Ferreira,6/11/2018,Fortaleza,1600,
4764,HL4379,Televisão,5,Eduardo,Soares,11/1/2018,Fortaleza,2500,
4774,HL1918,iPhone,3,Paula,Cavalcanti,7/29/2018,Fortaleza,5300,
4779,HL1918,iPhone,1,Juliana,Mesquita,11/4/2018,Fortaleza,5300,
4791,HL1918,iPhone,3,Maria,Junior,10/3/2018,Fortaleza,5300,
4793,HL9962,Android,3,Rilson,Guedes,3/4/2018,Fortaleza,3400,
4799,HL8851,Notebook,2,Thiago,Veiga,6/29/2018,Fortaleza,3500,
4801,HL4379,Televisão,4,Hanna,Fonseca,8/5/2018,Fortaleza,2500,
4804,HL9962,Android,2,Bruna,Londero,3/7/2018,Fortaleza,3400,
4805,HL4379,Televisão,5,Luiza,Farias,7/25/2018,Fortaleza,2500,
4817,HL1918,iPhone,4,Caio,Silva,11/22/2018,Fortaleza,5300,
4818,HL7348,SmartWatch,1,Dandara,Reis,10/25/2018,Fortaleza,1400,
4831,HL1148,Câmera,5,Pedro,Bitencourt,9/30/2018,Fortaleza,2100,
4832,HL1918,iPhone,2,Jéssica,Netto,9/15/2018,Fortaleza,5300,
4833,HL4379,Televisão,3,Ana,Gonzaga,3/7/2018,Fortaleza,2500,
4841,HL4379,Televisão,5,Diogo,Ressurreição,3/26/2018,Fortaleza,2500,
4843,HL7348,SmartWatch,4,Pedro,Xavier,5/3/2018,Fortaleza,1400,
4845,HL4379,Televisão,3,Rogério,Gentile,9/12/2018,Fortaleza,2500,
4852,HL1918,iPhone,4,Raíza,Lopes,6/5/2018,Fortaleza,5300,
4856,HL1148,Câmera,2,Guilherme,Merotto,1/23/2018,Fortaleza,2100,
4872,HL1918,iPhone,5,Ives,Teixeira,12/16/2018,Fortaleza,5300,
4884,HL1148,Câmera,1,Leonardo,Ferreira,7/3/2018,Fortaleza,2100,
4885,HL4379,Televisão,5,Arthur,Portela,10/18/2018,Fortaleza,2500,
4889,HL4379,Televisão,5,Guilherme,Monteiro,5/25/2018,Fortaleza,2500,
4896,HL9962,Android,1,Victor,Soares,5/11/2018,Fortaleza,3400,
4898,HL1148,Câmera,2,Thiago,Veiga,10/3/2018,Fortaleza,2100,
4907,HL1918,iPhone,3,Pedro,Santos,10/14/2018,Fortaleza,5300,
4915,HL9962,Android,1,Joana,Calmon,4/29/2018,Fortaleza,3400,
4939,HL4379,Televisão,4,José,Seixas,6/16/2018,Fortaleza,2500,
4944,HL2714,Tablet,3,Wilson,Brandão,11/9/2018,Fortaleza,1600,
4945,HL2714,Tablet,2,Ruan,Lopes,4/15/2018,Fortaleza,1600,
4949,HL8851,Notebook,5,Thais,Rodrigues,9/3/2018,Fortaleza,3500,
4950,HL1918,iPhone,1,Carolina,Motta,9/30/2018,Fortaleza,5300,
4956,HL1918,iPhone,1,Anna,Silva,4/3/2018,Fortaleza,5300,
4962,HL1918,iPhone,3,Rogério,Pereira,2/11/2018,Fortaleza,5300,
4977,HL7348,SmartWatch,3,Letícia,Araujo,8/10/2018,Fortaleza,1400,
4987,HL2714,Tablet,2,Leticia,Mesquita,7/31/2018,Fortaleza,1600,
4988,HL4379,Televisão,4,Roberto,Tiradentes,12/22/2018,Fortaleza,2500,
4993,HL4379,Televisão,2,Julia,Aliani,10/10/2018,Fortaleza,2500,
5010,HL9962,Android,2,Juliana,Souza,8/10/2018,Fortaleza,3400,
5016,HL4379,Televisão,5,Antônio,Oliveira,1/26/2018,Fortaleza,2500,
5022,HL1918,iPhone,5,Adriane,Gomes,2/20/2018,Fortaleza,5300,
5023,HL1918,iPhone,3,Renan,Ventura,11/15/2018,Fortaleza,5300,
5043,HL1148,Câmera,3,Aline,Andrade,8/18/2018,Fortaleza,2100,
5051,HL1918,iPhone,4,Adriane,Chagas,2/3/2018,Fortaleza,5300,
5056,HL7348,SmartWatch,2,Rafael,Rocha,8/6/2018,Fortaleza,1400,
5060,HL1918,iPhone,4,Gustavo,Junior,4/23/2018,Fortaleza,5300,
5063,HL2714,Tablet,3,David,Campelo,6/14/2018,Fortaleza,1600,
5071,HL9962,Android,5,Rebeca,Reis,9/2/2018,Fortaleza,3400,
5073,HL1918,iPhone,3,Cícero,Ramos,1/7/2018,Fortaleza,5300,
5077,HL7348,SmartWatch,1,Mariana,Miranda,2/21/2018,Fortaleza,1400,
5083,HL1918,iPhone,2,Lucas,Chagas,12/13/2018,Fortaleza,5300,
5094,HL9962,Android,2,Joao,Pereira,4/9/2018,Fortaleza,3400,
5095,HL1148,Câmera,1,Caio,Moraes,12/24/2018,Fortaleza,2100,
5103,HL4379,Televisão,2,Carolina,Carneiro,10/1/2018,Fortaleza,2500,
5105,HL1918,iPhone,4,Isabel,Leite,8/7/2018,Fortaleza,5300,
5116,HL1918,iPhone,2,Fernanda,Rubim,3/29/2018,Fortaleza,5300,
5122,HL1918,iPhone,4,Nathan,Morelli,7/13/2018,Fortaleza,5300,
5130,HL9962,Android,1,Fernanda,Figueiredo,1/24/2018,Fortaleza,3400,
5138,HL1918,iPhone,3,Pedro,Sena,3/9/2018,Fortaleza,5300,
5140,HL9962,Android,1,Jeferson,Sone,4/30/2018,Fortaleza,3400,
5146,HL1918,iPhone,4,Thayna,Martins,4/23/2018,Fortaleza,5300,
5150,HL4379,Televisão,2,Raphael,Mattos,5/3/2018,Fortaleza,2500,
5165,HL1918,iPhone,5,Carolina,Vasconcelos,2/21/2018,Fortaleza,5300,
5169,HL1918,iPhone,5,Anna,Silva,12/30/2018,Fortaleza,5300,
5174,HL1148,Câmera,3,Lucas,Lima,1/8/2018,Fortaleza,2100,
5184,HL1918,iPhone,2,Jéssica,Teixeira,12/7/2018,Fortaleza,5300,
5186,HL9962,Android,2,Dykson,Silva,1/18/2018,Fortaleza,3400,
5193,HL4379,Televisão,4,Monique,Vasconcelos,3/14/2018,Fortaleza,2500,
5201,HL2714,Tablet,3,Gabriela,Fernandes,9/3/2018,Fortaleza,1600,
5210,HL1918,iPhone,5,Hanna,Fonseca,4/14/2018,Fortaleza,5300,
5222,HL1918,iPhone,2,Ylana,Teraoka,1/22/2018,Fortaleza,5300,
5223,HL9962,Android,5,Ulisses,Filho,12/24/2018,Fortaleza,3400,
5230,HL4379,Televisão,1,Lorena,Carvalho,7/10/2018,Fortaleza,2500,
5231,HL8851,Notebook,5,Michelle,Figueiredo,5/4/2018,Fortaleza,3500,
5241,HL9962,Android,1,Lucas,Baptista,8/27/2018,Fortaleza,3400,
5249,HL2714,Tablet,5,Guilherme,Lima,7/2/2018,Fortaleza,1600,
5251,HL9962,Android,5,Luiza,Cabral,1/30/2018,Fortaleza,3400,
5256,HL4379,Televisão,3,Eduardo,Ferreira,9/11/2018,Fortaleza,2500,
5264,HL1918,iPhone,5,Pedro,Rodrigues,2/11/2018,Fortaleza,5300,
5271,HL1918,iPhone,5,Rodrigo,Souza,10/1/2018,Fortaleza,5300,
5281,HL1918,iPhone,1,Karina,Camara,11/28/2018,Fortaleza,5300,
5297,HL1918,iPhone,5,Caio,Cardoso,1/18/2018,Fortaleza,5300,
5300,HL4379,Televisão,3,Igor,Lima,1/11/2018,Fortaleza,2500,
5312,HL8851,Notebook,1,Brenno,Santos,12/28/2018,Fortaleza,3500,
5313,HL7348,SmartWatch,4,Paola,Abreu,4/14/2018,Fortaleza,1400,
5332,HL4379,Televisão,3,Allan,Guedes,11/2/2018,Fortaleza,2500,
5336,HL1148,Câmera,1,João,Castilho,7/23/2018,Fortaleza,2100,
5342,HL2714,Tablet,1,João,Abraçado,4/20/2018,Fortaleza,1600,
5348,HL7348,SmartWatch,4,Joao,Pereira,8/2/2018,Fortaleza,1400,
5349,HL1918,iPhone,2,Adriane,Chagas,11/27/2018,Fortaleza,5300,
5350,HL1918,iPhone,3,Eduardo,Ferreira,10/15/2018,Fortaleza,5300,
5362,HL1918,iPhone,3,José,Jesus,8/6/2018,Fortaleza,5300,
5364,HL2714,Tablet,4,Lucas,Baptista,7/4/2018,Fortaleza,1600,
5367,HL8851,Notebook,2,Thomáz,Bôas,9/29/2018,Fortaleza,3500,
5387,HL4379,Televisão,3,Luiz,Almeida,6/17/2018,Fortaleza,2500,
5391,HL2714,Tablet,1,Priscila,Vogel,8/12/2018,Fortaleza,1600,
5400,HL7348,SmartWatch,1,Alvaro,Kranz,11/30/2018,Fortaleza,1400,
5401,HL4379,Televisão,4,Beatriz,Silva,8/15/2018,Fortaleza,2500,
5408,HL1918,iPhone,5,Lucas,Machado,11/19/2018,Fortaleza,5300,
5418,HL1918,iPhone,5,Eduardo,Vargas,4/25/2018,Fortaleza,5300,
5421,HL2714,Tablet,5,Igor,Lima,1/29/2018,Fortaleza,1600,
5433,HL4379,Televisão,5,Bruna,Gomes,7/11/2018,Fortaleza,2500,
5438,HL1918,iPhone,4,Rogério,Pereira,10/21/2018,Fortaleza,5300,
5440,HL4379,Televisão,1,Gabrielle,Porto,12/12/2018,Fortaleza,2500,
5450,HL1918,iPhone,5,Morgana,Correa,4/23/2018,Fortaleza,5300,
5462,HL1918,iPhone,3,Manuela,Merege,7/29/2018,Fortaleza,5300,
5466,HL4379,Televisão,2,Raissa,Pinheiro,11/19/2018,Fortaleza,2500,
5471,HL1148,Câmera,3,Rafael,Guimarães,1/22/2018,Fortaleza,2100,
5473,HL7348,SmartWatch,4,Lucas,Freire,9/29/2018,Fortaleza,1400,
5475,HL7348,SmartWatch,2,Matheus,Gomes,12/20/2018,Fortaleza,1400,
5481,HL8851,Notebook,5,Lucas,Freire,11/16/2018,Fortaleza,3500,
5482,HL4379,Televisão,4,Yasmim,Bittencourt,11/11/2018,Fortaleza,2500,
5498,HL4379,Televisão,3,João,Araujo,9/20/2018,Fortaleza,2500,
5501,HL1918,iPhone,3,Michelle,Figueiredo,12/27/2018,Fortaleza,5300,
5520,HL4379,Televisão,2,Tadeu,Sousa,8/19/2018,Fortaleza,2500,
5522,HL1918,iPhone,5,Lívia,Marques,12/27/2018,Fortaleza,5300,
5523,HL1918,iPhone,4,Andre,Sampaio,4/11/2018,Fortaleza,5300,
5534,HL4379,Televisão,3,Izabel,Miura,10/31/2018,Fortaleza,2500,
5547,HL8851,Notebook,5,Bianca,Piero,3/13/2018,Fortaleza,3500,
5549,HL1148,Câmera,1,Morgana,Correa,8/25/2018,Fortaleza,2100,
5561,HL8851,Notebook,4,Bianca,Piero,1/28/2018,Fortaleza,3500,
5572,HL8851,Notebook,1,Caio,Moraes,6/20/2018,Fortaleza,3500,
5591,HL2714,Tablet,2,Yasser,Calbucci,11/11/2018,Fortaleza,1600,
5607,HL1918,iPhone,1,Luis,Villanova,2/10/2018,Fortaleza,5300,
5617,HL1148,Câmera,2,Thales,Andrade,10/20/2018,Fortaleza,2100,
5625,HL1918,iPhone,3,Juliana,Barreira,5/4/2018,Fortaleza,5300,
5628,HL8851,Notebook,3,Jorge,Fonseca,7/5/2018,Fortaleza,3500,
5631,HL9962,Android,3,Daniel,Felippe,8/19/2018,Fortaleza,3400,
5637,HL1918,iPhone,4,Andre,Nóbrega,11/23/2018,Fortaleza,5300,
5639,HL1148,Câmera,2,Bernardo,Soares,8/17/2018,Fortaleza,2100,
5642,HL4379,Televisão,3,Paola,Abreu,3/11/2018,Fortaleza,2500,
5652,HL8851,Notebook,2,Rachel,Silva,12/13/2018,Fortaleza,3500,
5659,HL8851,Notebook,2,Luíza,Garcia,4/27/2018,Fortaleza,3500,
5671,HL1918,iPhone,1,Ana,Gomes,2/8/2018,Fortaleza,5300,
5674,HL9962,Android,3,Igor,Lima,9/14/2018,Fortaleza,3400,
5675,HL8851,Notebook,5,Bruno,Temporal,1/3/2018,Fortaleza,3500,
5683,HL1918,iPhone,5,Myllena,Corrêa,9/8/2018,Fortaleza,5300,
5684,HL2714,Tablet,1,Sandy,Figueiredo,6/19/2018,Fortaleza,1600,
5698,HL9962,Android,1,Raísa,Rodrigues,8/30/2018,Fortaleza,3400,
5706,HL4379,Televisão,1,Jéssica,Stefanelli,2/14/2018,Fortaleza,2500,
5715,HL8851,Notebook,3,Ana,Silva,11/7/2018,Fortaleza,3500,
5716,HL1918,iPhone,3,Amanda,Roberto,7/16/2018,Fortaleza,5300,
5738,HL9962,Android,4,Hiaiune,Valim,10/3/2018,Fortaleza,3400,
5739,HL1918,iPhone,5,Luísa,Fonseca,6/3/2018,Fortaleza,5300,
5746,HL4379,Televisão,3,Danilo,Alves,7/30/2018,Fortaleza,2500,
5748,HL4379,Televisão,3,Mariane,Ferreira,6/4/2018,Fortaleza,2500,
5749,HL1918,iPhone,1,Eric,Júnior,2/23/2018,Fortaleza,5300,
5754,HL4379,Televisão,5,Raphael,Filho,3/11/2018,Fortaleza,2500,
5760,HL2714,Tablet,3,Gustavo,Azevedo,1/17/2018,Fortaleza,1600,
5761,HL4379,Televisão,2,Thomáz,Bôas,7/4/2018,Fortaleza,2500,
5769,HL1918,iPhone,3,Victor,Lira,1/22/2018,Fortaleza,5300,
5781,HL8851,Notebook,1,Raíza,Lopes,11/30/2018,Fortaleza,3500,
5794,HL1148,Câmera,4,Marcelo,Pereira,4/25/2018,Fortaleza,2100,
5796,HL9962,Android,4,Giovana,Vilela,5/10/2018,Fortaleza,3400,
5802,HL9962,Android,1,Lucas,Rocha,4/6/2018,Fortaleza,3400,
5808,HL1918,iPhone,2,Luiz,Almeida,1/1/2018,Fortaleza,5300,
5834,HL2714,Tablet,1,Cláudio,Aragão,10/15/2018,Fortaleza,1600,
5836,HL1918,iPhone,2,Carlos,Mesquita,7/15/2018,Fortaleza,5300,
5837,HL2714,Tablet,4,Amanda,Delgado,12/18/2018,Fortaleza,1600,
5842,HL1918,iPhone,2,Victor,Lira,6/29/2018,Fortaleza,5300,
5844,HL7348,SmartWatch,5,Marina,Gama,3/12/2018,Fortaleza,1400,
5846,HL4379,Televisão,2,Raissa,Maia,6/13/2018,Fortaleza,2500,
5847,HL9962,Android,5,Deysiane,Medronho,1/30/2018,Fortaleza,3400,
5852,HL1918,iPhone,1,Daniel,Felippe,6/19/2018,Fortaleza,5300,
5868,HL9962,Android,5,Ana,Michetti,12/1/2018,Fortaleza,3400,
5874,HL4379,Televisão,2,Beatriz,Almeida,3/3/2018,Fortaleza,2500,
5878,HL1918,iPhone,1,Victor,Gomes,11/4/2018,Fortaleza,5300,
5887,HL7348,SmartWatch,1,Ruan,Gonçalves,12/21/2018,Fortaleza,1400,
5888,HL7348,SmartWatch,1,Igor,Lima,8/22/2018,Fortaleza,1400,
5893,HL8851,Notebook,2,Thales,Santos,8/2/2018,Fortaleza,3500,
5906,HL7348,SmartWatch,5,Douglas,Rodrigues,12/4/2018,Fortaleza,1400,
5909,HL4379,Televisão,3,Beatriz,Silva,8/4/2018,Fortaleza,2500,
5913,HL1918,iPhone,3,Mariane,Ferreira,12/1/2018,Fortaleza,5300,
5920,HL8851,Notebook,2,Giulia,Pessanha,5/24/2018,Fortaleza,3500,
5922,HL8851,Notebook,4,Henrique,Villanova,7/15/2018,Fortaleza,3500,
5932,HL7348,SmartWatch,3,Luiz,Limp,10/13/2018,Fortaleza,1400,
5935,HL1148,Câmera,1,Kim,Ferreira,7/23/2018,Fortaleza,2100,
5952,HL4379,Televisão,3,Gabriel,Rubim,10/8/2018,Fortaleza,2500,
5963,HL8851,Notebook,5,Thomáz,Rodriguez,7/15/2018,Fortaleza,3500,
5970,HL9962,Android,2,Rafaela,Feio,8/3/2018,Fortaleza,3400,
5985,HL1918,iPhone,4,Philipe,Morete,12/26/2018,Fortaleza,5300,
5987,HL9962,Android,2,Thomáz,Bôas,5/18/2018,Fortaleza,3400,
5995,HL7348,SmartWatch,1,Joao,Silva,11/19/2018,Fortaleza,1400,
6006,HL1918,iPhone,5,Pedro,Macckione,12/23/2018,Fortaleza,5300,
6014,HL1918,iPhone,3,Andre,Nóbrega,5/18/2018,Fortaleza,5300,
6020,HL9962,Android,4,Elaine,Santos,11/21/2018,Fortaleza,3400,
6041,HL7348,SmartWatch,4,Samara,Pinto,11/17/2018,Fortaleza,1400,
6049,HL1918,iPhone,4,Carlos,Mesquita,10/21/2018,Fortaleza,5300,
6066,HL1918,iPhone,2,Felipe,Mendonça,1/18/2018,Fortaleza,5300,
6095,HL2714,Tablet,1,Lívia,Tanaka,9/27/2018,Fortaleza,1600,
6096,HL7348,SmartWatch,2,Jonatas,Essaber,3/1/2018,Fortaleza,1400,
6104,HL9962,Android,2,Isabela,Chagas,7/27/2018,Fortaleza,3400,
6111,HL4379,Televisão,1,Jessica,Ferreira,9/8/2018,Fortaleza,2500,
6114,HL1148,Câmera,5,Sylvio,Bernhardt,2/22/2018,Fortaleza,2100,
6129,HL2714,Tablet,1,Carolina,Vasconcelos,11/10/2018,Fortaleza,1600,
6130,HL9962,Android,3,Ana,Miura,6/1/2018,Fortaleza,3400,
6134,HL1918,iPhone,2,Bruna,Gomes,9/27/2018,Fortaleza,5300,
6137,HL9962,Android,3,Beatriz,Rocha,12/18/2018,Fortaleza,3400,
6141,HL1148,Câmera,2,Luiza,Cabral,6/9/2018,Fortaleza,2100,
6181,HL9962,Android,3,Priscila,Garcia,6/12/2018,Fortaleza,3400,
6189,HL9962,Android,1,Thales,Fanara,8/24/2018,Fortaleza,3400,
6192,HL4379,Televisão,3,Camilla,Guimarães,3/4/2018,Fortaleza,2500,
6194,HL1148,Câmera,5,Pedro,Oliveira,7/6/2018,Fortaleza,2100,
6200,HL4379,Televisão,1,João,Júnior,9/18/2018,Fortaleza,2500,
6205,HL1918,iPhone,3,Vitor,Arruda,7/20/2018,Fortaleza,5300,
6215,HL9962,Android,1,Jonatas,Essaber,6/5/2018,Fortaleza,3400,
6220,HL4379,Televisão,5,Isabela,Rodrigues,3/27/2018,Fortaleza,2500,
6221,HL7348,SmartWatch,2,João,Ribeiro,4/13/2018,Fortaleza,1400,
6243,HL4379,Televisão,2,Ana,Monte,3/18/2018,Fortaleza,2500,
6251,HL1918,iPhone,5,Pedro,Ferrari,6/23/2018,Fortaleza,5300,
6254,HL4379,Televisão,3,Antonio,Manhães,2/23/2018,Fortaleza,2500,
6260,HL8851,Notebook,5,Yasmim,Bittencourt,10/7/2018,Fortaleza,3500,
6289,HL8851,Notebook,5,Rilson,Guedes,4/2/2018,Fortaleza,3500,
6291,HL4379,Televisão,5,Rafael,Wajnsztok,4/9/2018,Fortaleza,2500,
6315,HL1918,iPhone,5,Thayna,Martins,7/28/2018,Fortaleza,5300,
6352,HL2714,Tablet,3,Carla,Zakhm,4/26/2018,Fortaleza,1600,
6353,HL1148,Câmera,5,Mateus,Maia,1/17/2018,Fortaleza,2100,
6355,HL4379,Televisão,1,Giulia,Pessanha,6/8/2018,Fortaleza,2500,
6356,HL1918,iPhone,5,David,Assumpção,10/5/2018,Fortaleza,5300,
6365,HL4379,Televisão,1,Mariana,Miranda,8/13/2018,Fortaleza,2500,
6381,HL7348,SmartWatch,4,Isabella,Rodrigues,10/18/2018,Fortaleza,1400,
6385,HL8851,Notebook,4,Lucas,Freitas,10/21/2018,Fortaleza,3500,
6396,HL4379,Televisão,4,Bernardo,Botelho,12/5/2018,Fortaleza,2500,
6417,HL1918,iPhone,5,Gabriel,Thoni,12/25/2018,Fortaleza,5300,
6420,HL1918,iPhone,4,Rafaela,Feio,11/23/2018,Fortaleza,5300,
6425,HL1918,iPhone,3,Pedro,Pereira,4/9/2018,Fortaleza,5300,
6434,HL1918,iPhone,4,Lucas,Valim,9/4/2018,Fortaleza,5300,
6438,HL4379,Televisão,4,Sandy,Figueiredo,4/7/2018,Fortaleza,2500,
6447,HL8851,Notebook,4,Felipe,Paulo,8/3/2018,Fortaleza,3500,
6455,HL2714,Tablet,3,Sandy,Figueiredo,4/13/2018,Fortaleza,1600,
6460,HL7348,SmartWatch,4,Mayara,Soares,12/4/2018,Fortaleza,1400,
6464,HL7348,SmartWatch,1,Arthur,Fernandes,6/9/2018,Fortaleza,1400,
6470,HL1918,iPhone,1,Daniel,Sousa,11/4/2018,Fortaleza,5300,
6472,HL8851,Notebook,2,Livia,Codeceira,6/16/2018,Fortaleza,3500,
6475,HL2714,Tablet,1,Antônio,Oliveira,12/3/2018,Fortaleza,1600,
6476,HL1918,iPhone,5,Marcos,Nucci,10/10/2018,Fortaleza,5300,
6482,HL4379,Televisão,4,Luiza,Procaci,12/23/2018,Fortaleza,2500,
6494,HL4379,Televisão,1,Bruna,Londero,7/12/2018,Fortaleza,2500,
6495,HL1918,iPhone,3,Maria,Gasperi,8/15/2018,Fortaleza,5300,
6498,HL4379,Televisão,4,Ives,Pinheiro,6/28/2018,Fortaleza,2500,
6516,HL9962,Android,3,Thayna,Martins,11/23/2018,Fortaleza,3400,
6517,HL1918,iPhone,4,Victor,Franco,3/10/2018,Fortaleza,5300,
6518,HL2714,Tablet,1,Stephanie,Oliveira,11/18/2018,Fortaleza,1600,
6524,HL7348,SmartWatch,5,Gabriel,Almeida,3/28/2018,Fortaleza,1400,
6525,HL8851,Notebook,5,Luiza,Cabral,6/1/2018,Fortaleza,3500,
6532,HL1918,iPhone,3,Lucas,Wanderley,2/16/2018,Fortaleza,5300,
6534,HL7348,SmartWatch,1,Lucas,Fontoura,5/23/2018,Fortaleza,1400,
6536,HL8851,Notebook,2,Luíza,Melo,4/19/2018,Fortaleza,3500,
6546,HL7348,SmartWatch,1,Amanda,Roberto,10/17/2018,Fortaleza,1400,
6548,HL9962,Android,4,Wen,Santos,2/28/2018,Fortaleza,3400,
6550,HL8851,Notebook,4,Beatriz,Santos,11/2/2018,Fortaleza,3500,
6552,HL7348,SmartWatch,4,Guilherme,Castilho,6/8/2018,Fortaleza,1400,
6553,HL1918,iPhone,3,Tiago,Pereira,7/26/2018,Fortaleza,5300,
6556,HL1918,iPhone,5,Isabela,Teixeira,12/20/2018,Fortaleza,5300,
6557,HL4379,Televisão,3,Allan,Candido,5/15/2018,Fortaleza,2500,
6565,HL4379,Televisão,5,Adriana,Carneiro,5/24/2018,Fortaleza,2500,
6568,HL1148,Câmera,3,Breno,Costa,5/8/2018,Fortaleza,2100,
6588,HL9962,Android,5,Adriana,Passos,11/10/2018,Fortaleza,3400,
6591,HL4379,Televisão,5,Beatriz,Rocha,9/24/2018,Fortaleza,2500,
6592,HL1918,iPhone,5,Alon,Pestana,11/16/2018,Fortaleza,5300,
6597,HL8851,Notebook,2,Bruna,Ramos,7/11/2018,Fortaleza,3500,
6599,HL1918,iPhone,2,Mateus,Maia,10/30/2018,Fortaleza,5300,
6615,HL4379,Televisão,1,Marianna,Pestana,11/21/2018,Fortaleza,2500,
6622,HL9962,Android,4,Jessica,Ferreira,2/23/2018,Fortaleza,3400,
6630,HL1918,iPhone,3,Gabriela,Fernandes,1/22/2018,Fortaleza,5300,
6633,HL4379,Televisão,1,Luiza,Procaci,9/8/2018,Fortaleza,2500,
6636,HL9962,Android,3,Anderson,Martins,10/24/2018,Fortaleza,3400,
6638,HL4379,Televisão,5,Luiz,Conceição,5/22/2018,Fortaleza,2500,
6649,HL7348,SmartWatch,3,Henrique,Oliveira,3/29/2018,Fortaleza,1400,
6651,HL1918,iPhone,5,Sandy,Moreira,3/17/2018,Fortaleza,5300,
6653,HL8851,Notebook,1,Eduardo,Veiga,5/22/2018,Fortaleza,3500,
6654,HL4379,Televisão,2,Felipe,Mello,5/5/2018,Fortaleza,2500,
6658,HL9962,Android,5,Aline,Andrade,3/8/2018,Fortaleza,3400,
6659,HL7348,SmartWatch,3,Isabela,Teixeira,8/10/2018,Fortaleza,1400,
6660,HL2714,Tablet,5,Guilherme,Merotto,10/16/2018,Fortaleza,1600,
6672,HL9962,Android,3,Yasmim,Verly,3/30/2018,Fortaleza,3400,
6677,HL4379,Televisão,2,Caroline,Aquino,11/10/2018,Fortaleza,2500,
6689,HL1918,iPhone,2,José,Vieira,11/13/2018,Fortaleza,5300,
6690,HL9962,Android,1,Jéssica,Stefanelli,9/20/2018,Fortaleza,3400,
6691,HL8851,Notebook,5,Diego,Mello,11/7/2018,Fortaleza,3500,
6699,HL4379,Televisão,5,Catarina,Teixeira,8/22/2018,Fortaleza,2500,
6727,HL2714,Tablet,4,Bianca,Piero,3/7/2018,Fortaleza,1600,
6729,HL4379,Televisão,1,Danilo,Rubim,8/25/2018,Fortaleza,2500,
6730,HL1918,iPhone,4,Bianca,Paz,3/4/2018,Fortaleza,5300,
6732,HL1918,iPhone,3,Gabrielle,Silva,12/10/2018,Fortaleza,5300,
6740,HL1148,Câmera,3,Fernanda,Silva,4/28/2018,Fortaleza,2100,
6742,HL9962,Android,2,Guilherme,Castilho,10/14/2018,Fortaleza,3400,
6759,HL7348,SmartWatch,2,Deysiane,Medronho,2/2/2018,Fortaleza,1400,
6772,HL8851,Notebook,5,Debora,Silva,12/10/2018,Fortaleza,3500,
6775,HL4379,Televisão,1,Lucas,Costa,5/28/2018,Fortaleza,2500,
6776,HL4379,Televisão,1,Roberto,Tiradentes,1/7/2018,Fortaleza,2500,
6778,HL7348,SmartWatch,4,Isabelle,Gonçalves,2/8/2018,Fortaleza,1400,
6790,HL8851,Notebook,5,Thomáz,Vannier,4/3/2018,Fortaleza,3500,
6792,HL8851,Notebook,3,Joao,Pereira,11/19/2018,Fortaleza,3500,
6793,HL1918,iPhone,2,Michelle,Miura,5/22/2018,Fortaleza,5300,
6799,HL4379,Televisão,2,Luana,Santos,6/9/2018,Fortaleza,2500,
6801,HL2714,Tablet,4,Livia,Codeceira,11/29/2018,Fortaleza,1600,
6809,HL4379,Televisão,2,Vanessa,Rodrigues,4/6/2018,Fortaleza,2500,
6813,HL2714,Tablet,3,Iuri,Barbosa,10/2/2018,Fortaleza,1600,
6837,HL2714,Tablet,3,Eduardo,Veiga,9/29/2018,Fortaleza,1600,
6839,HL1148,Câmera,3,Mariana,Rotava,1/27/2018,Fortaleza,2100,
6850,HL7348,SmartWatch,3,Gabriel,Thome,6/18/2018,Fortaleza,1400,
6854,HL1918,iPhone,4,Mateus,Duque,1/19/2018,Fortaleza,5300,
6857,HL4379,Televisão,2,Raphael,Ferman,6/29/2018,Fortaleza,2500,
6868,HL2714,Tablet,3,Eduardo,Pacheco,9/25/2018,Fortaleza,1600,
6876,HL4379,Televisão,5,Ruan,Gonçalves,12/18/2018,Fortaleza,2500,
6879,HL1148,Câmera,5,Larissa,Jesus,12/20/2018,Fortaleza,2100,
6889,HL7348,SmartWatch,3,Marina,Correa,5/19/2018,Fortaleza,1400,
6891,HL1918,iPhone,1,Carolina,Bernardes,2/11/2018,Fortaleza,5300,
6894,HL8851,Notebook,4,Amanda,Delgado,7/19/2018,Fortaleza,3500,
6899,HL1148,Câmera,2,David,Vasconcelos,8/25/2018,Fortaleza,2100,
6901,HL8851,Notebook,4,Rojane,Lima,4/22/2018,Fortaleza,3500,
6911,HL1918,iPhone,3,Victor,Zakhm,2/23/2018,Fortaleza,5300,
6921,HL7348,SmartWatch,3,Fernanda,Junior,7/19/2018,Fortaleza,1400,
6926,HL1918,iPhone,2,Ives,Teixeira,6/13/2018,Fortaleza,5300,
6927,HL8851,Notebook,5,Beatriz,Rocha,11/29/2018,Fortaleza,3500,
6928,HL4379,Televisão,3,Vivianne,Rodrigues,8/28/2018,Fortaleza,2500,
6934,HL2714,Tablet,5,Carlos,Galvão,9/22/2018,Fortaleza,1600,
6935,HL8851,Notebook,3,Giovana,Vilela,4/28/2018,Fortaleza,3500,
6938,HL4379,Televisão,3,Adrielle,Gabriel,8/7/2018,Fortaleza,2500,
6940,HL1918,iPhone,4,Michelle,Miura,8/21/2018,Fortaleza,5300,
6945,HL4379,Televisão,2,Alessandra,Martins,7/10/2018,Fortaleza,2500,
6952,HL2714,Tablet,3,Nina,Magalhães,2/26/2018,Fortaleza,1600,
6974,HL2714,Tablet,5,Sthefeson,Pereira,4/14/2018,Fortaleza,1600,
6989,HL4379,Televisão,3,Anderson,Barreto,5/25/2018,Fortaleza,2500,
6995,HL1918,iPhone,4,Beatriz,Biase,5/7/2018,Fortaleza,5300,
6996,HL2714,Tablet,2,Lucas,Machado,8/4/2018,Fortaleza,1600,
7002,HL4379,Televisão,5,Breno,Caputo,12/10/2018,Fortaleza,2500,
7008,HL7348,SmartWatch,4,Eric,Júnior,12/26/2018,Fortaleza,1400,
7023,HL2714,Tablet,4,David,Assumpção,1/16/2018,Fortaleza,1600,
7033,HL4379,Televisão,1,Rodrigo,Silva,8/26/2018,Fortaleza,2500,
7048,HL4379,Televisão,1,Pedro,Jorge,11/3/2018,Fortaleza,2500,
7049,HL2714,Tablet,5,Paola,Abreu,11/20/2018,Fortaleza,1600,
7055,HL7348,SmartWatch,4,Rebeca,Reis,12/13/2018,Fortaleza,1400,
7065,HL2714,Tablet,3,Alon,Pestana,7/24/2018,Fortaleza,1600,
7069,HL1918,iPhone,4,Fabio,Boccaletti,7/19/2018,Fortaleza,5300,
7072,HL1148,Câmera,1,Joyce,Medina,7/14/2018,Fortaleza,2100,
7083,HL4379,Televisão,1,Priscila,Garcia,12/29/2018,Fortaleza,2500,
7088,HL9962,Android,2,Eduardo,Lopes,5/23/2018,Fortaleza,3400,
7101,HL8851,Notebook,5,Victor,Firmino,10/28/2018,Fortaleza,3500,
7103,HL8851,Notebook,4,Marcelo,Rosa,9/3/2018,Fortaleza,3500,
7105,HL4379,Televisão,5,Clarissa,Santos,6/25/2018,Fortaleza,2500,
7108,HL1918,iPhone,1,Carlos,Azevedo,11/24/2018,Fortaleza,5300,
7111,HL9962,Android,5,Julia,Teixeira,2/5/2018,Fortaleza,3400,
7116,HL1918,iPhone,5,Victor,Gomes,2/20/2018,Fortaleza,5300,
7131,HL1148,Câmera,3,Luis,Garcia,12/9/2018,Fortaleza,2100,
7135,HL7348,SmartWatch,4,Izabel,Lopes,9/28/2018,Fortaleza,1400,
7159,HL1918,iPhone,3,Marina,Gama,12/19/2018,Fortaleza,5300,
7163,HL2714,Tablet,5,Beatriz,Rodrigues,5/2/2018,Fortaleza,1600,
7165,HL4379,Televisão,2,Maurício,Dias,4/23/2018,Fortaleza,2500,
7171,HL8851,Notebook,3,Mateus,Polastri,6/10/2018,Fortaleza,3500,
7173,HL1918,iPhone,3,Juliana,Goes,5/18/2018,Fortaleza,5300,
7180,HL4379,Televisão,1,Pedro,Cardoso,11/24/2018,Fortaleza,2500,
7184,HL1918,iPhone,3,Victor,Oliveira,10/14/2018,Fortaleza,5300,
7190,HL7348,SmartWatch,5,João,Luz,7/5/2018,Fortaleza,1400,
7194,HL1918,iPhone,2,Júlio,Fraga,12/16/2018,Fortaleza,5300,
7203,HL8851,Notebook,3,Bruno,Salomão,6/1/2018,Fortaleza,3500,
7207,HL1148,Câmera,1,Victor,Corrêa,6/1/2018,Fortaleza,2100,
7216,HL4379,Televisão,5,Ravena,Bhering,7/9/2018,Fortaleza,2500,
7227,HL7348,SmartWatch,1,Luísa,Fonseca,5/1/2018,Fortaleza,1400,
7234,HL1148,Câmera,3,Adriane,Chagas,9/6/2018,Fortaleza,2100,
7238,HL1918,iPhone,5,Paula,Cavalcanti,8/10/2018,Fortaleza,5300,
7240,HL4379,Televisão,4,Luis,Silva,2/28/2018,Fortaleza,2500,
7244,HL1918,iPhone,4,Gabrielle,Viríssimo,2/16/2018,Fortaleza,5300,
7246,HL9962,Android,2,Joana,Calmon,2/21/2018,Fortaleza,3400,
7247,HL2714,Tablet,3,Izabel,Lopes,6/20/2018,Fortaleza,1600,
7251,HL1918,iPhone,1,Gustavo,Erthal,9/12/2018,Fortaleza,5300,
7252,HL1918,iPhone,3,Rafaela,Gomes,10/11/2018,Fortaleza,5300,
7255,HL1918,iPhone,3,Matheus,Gomes,10/21/2018,Fortaleza,5300,
7258,HL7348,SmartWatch,4,Beatriz,Rocha,12/24/2018,Fortaleza,1400,
7268,HL1918,iPhone,4,Lais,Candido,6/16/2018,Fortaleza,5300,
7276,HL4379,Televisão,4,Wendela,Veloso,5/15/2018,Fortaleza,2500,
7278,HL1918,iPhone,4,Rodrigo,Alves,1/15/2018,Fortaleza,5300,
7281,HL4379,Televisão,4,João,Peçanha,7/15/2018,Fortaleza,2500,
7289,HL1918,iPhone,4,Erick,Soares,4/12/2018,Fortaleza,5300,
7307,HL2714,Tablet,1,Jorge,Fonseca,3/4/2018,Fortaleza,1600,
7308,HL1918,iPhone,1,Kim,Ferreira,7/12/2018,Fortaleza,5300,
7328,HL1918,iPhone,2,Bianca,Procaci,3/3/2018,Fortaleza,5300,
7332,HL1148,Câmera,3,Wilson,Brandão,3/4/2018,Fortaleza,2100,
7333,HL9962,Android,2,Hygor,Essaber,8/24/2018,Fortaleza,3400,
7343,HL1918,iPhone,3,Rilson,Dias,9/15/2018,Fortaleza,5300,
7349,HL4379,Televisão,3,José,Fonseca,4/15/2018,Fortaleza,2500,
7354,HL8851,Notebook,3,Gabriel,Soares,6/27/2018,Fortaleza,3500,
7356,HL4379,Televisão,1,Carolina,Abrahão,3/23/2018,Fortaleza,2500,
7357,HL2714,Tablet,4,Carolina,Silva,7/11/2018,Fortaleza,1600,
7366,HL9962,Android,5,Clarissa,Santos,7/24/2018,Fortaleza,3400,
7367,HL2714,Tablet,2,Eduardo,Ferreira,5/7/2018,Fortaleza,1600,
7390,HL8851,Notebook,5,Carlos,Araujo,7/25/2018,Fortaleza,3500,
7392,HL7348,SmartWatch,3,Iuri,Barbosa,7/6/2018,Fortaleza,1400,
7393,HL8851,Notebook,1,Carolina,Santos,12/24/2018,Fortaleza,3500,
7401,HL9962,Android,1,Victor,Corrêa,11/2/2018,Fortaleza,3400,
7408,HL9962,Android,1,Jonatas,Passos,11/3/2018,Fortaleza,3400,
7420,HL1918,iPhone,3,Paola,Abreu,11/21/2018,Fortaleza,5300,
7421,HL9962,Android,2,Rafael,Ramos,7/24/2018,Fortaleza,3400,
7426,HL9962,Android,1,Caio,Moura,1/12/2018,Fortaleza,3400,
7428,HL1918,iPhone,1,Giuseppe,Borges,2/9/2018,Fortaleza,5300,
7429,HL4379,Televisão,5,Marina,Perdomo,3/22/2018,Fortaleza,2500,
7438,HL1148,Câmera,4,Ramon,Araujo,5/2/2018,Fortaleza,2100,
7439,HL1148,Câmera,1,Carlos,Cardoso,11/8/2018,Fortaleza,2100,
7440,HL1148,Câmera,1,Bernard,Pedrosa,8/30/2018,Fortaleza,2100,
7445,HL1918,iPhone,2,Adriane,Gomes,5/10/2018,Fortaleza,5300,
7450,HL1148,Câmera,2,Guilherme,Assis,8/15/2018,Fortaleza,2100,
7451,HL8851,Notebook,4,Wilson,Vianna,4/4/2018,Fortaleza,3500,
7453,HL7348,SmartWatch,3,Marina,Cormack,5/19/2018,Fortaleza,1400,
7455,HL2714,Tablet,2,Diego,Mello,4/10/2018,Fortaleza,1600,
7457,HL1918,iPhone,5,Hércules,Moreira,2/28/2018,Fortaleza,5300,
7468,HL1918,iPhone,5,Vitor,Boccaletti,1/20/2018,Fortaleza,5300,
7477,HL4379,Televisão,4,Lucas,Freitas,7/31/2018,Fortaleza,2500,
7484,HL9962,Android,2,Sthefeson,Pereira,9/29/2018,Fortaleza,3400,
7507,HL4379,Televisão,3,Viviane,Cunha,6/8/2018,Fortaleza,2500,
7509,HL9962,Android,1,Daniel,Sousa,1/6/2018,Fortaleza,3400,
7521,HL2714,Tablet,4,Bruna,Gomes,7/9/2018,Fortaleza,1600,
7524,HL4379,Televisão,5,Dykson,Silva,9/7/2018,Fortaleza,2500,
7527,HL4379,Televisão,4,Beatriz,Silva,11/13/2018,Fortaleza,2500,
7529,HL4379,Televisão,2,Renan,Nascimento,11/21/2018,Fortaleza,2500,
7531,HL2714,Tablet,4,Luiza,Johnson,8/23/2018,Fortaleza,1600,
7537,HL8851,Notebook,4,Carlos,Barbosa,2/21/2018,Fortaleza,3500,
7545,HL2714,Tablet,5,Larissa,Vasconcellos,10/20/2018,Fortaleza,1600,
7564,HL4379,Televisão,2,Lucas,Monte,12/15/2018,Fortaleza,2500,
7573,HL4379,Televisão,5,Carolina,Vasconcelos,6/28/2018,Fortaleza,2500,
7598,HL8851,Notebook,4,Gabriel,Puntel,7/14/2018,Fortaleza,3500,
7602,HL7348,SmartWatch,5,Roberto,Nogueira,5/27/2018,Fortaleza,1400,
7603,HL2714,Tablet,3,Jackson,Derossi,10/22/2018,Fortaleza,1600,
7604,HL9962,Android,4,Rebeca,Manhães,9/27/2018,Fortaleza,3400,
7606,HL1918,iPhone,2,Luis,Souza,8/10/2018,Fortaleza,5300,
7612,HL8851,Notebook,4,Julia,Penteado,11/20/2018,Fortaleza,3500,
7614,HL8851,Notebook,4,Débora,Lopes,10/2/2018,Fortaleza,3500,
7616,HL7348,SmartWatch,4,Marcelo,Pereira,8/14/2018,Fortaleza,1400,
7630,HL1148,Câmera,2,Deysiane,Medronho,6/15/2018,Fortaleza,2100,
7634,HL1918,iPhone,1,João,Rodrigues,2/2/2018,Fortaleza,5300,
7635,HL9962,Android,4,Ruan,Lopes,7/17/2018,Fortaleza,3400,
7640,HL7348,SmartWatch,4,Thaís,Ribeiro,4/28/2018,Fortaleza,1400,
7646,HL8851,Notebook,5,Nathan,Cunha,11/8/2018,Fortaleza,3500,
7651,HL1918,iPhone,2,Fernanda,Coutinho,5/6/2018,Fortaleza,5300,
7668,HL1918,iPhone,3,Pedro,Macckione,1/24/2018,Fortaleza,5300,
7673,HL1148,Câmera,3,Alon,Fahrnholz,4/9/2018,Fortaleza,2100,
7676,HL1918,iPhone,5,Bruna,Ramos,9/29/2018,Fortaleza,5300,
7679,HL8851,Notebook,1,Thays,Castro,6/8/2018,Fortaleza,3500,
7687,HL8851,Notebook,2,Allan,Guedes,8/9/2018,Fortaleza,3500,
7688,HL7348,SmartWatch,1,Luíza,Melo,11/5/2018,Fortaleza,1400,
7692,HL4379,Televisão,1,Lázaro,Nascimento,2/22/2018,Fortaleza,2500,
7712,HL1148,Câmera,3,Anna,Maia,2/9/2018,Fortaleza,2100,
7714,HL1148,Câmera,4,Julia,Aliani,11/2/2018,Fortaleza,2100,
7722,HL1918,iPhone,1,Roberta,Pimenta,3/2/2018,Fortaleza,5300,
7724,HL8851,Notebook,5,João,Ribeiro,9/11/2018,Fortaleza,3500,
7726,HL8851,Notebook,3,Guilherme,Jordao,11/7/2018,Fortaleza,3500,
7727,HL9962,Android,3,Bruno,Mota,2/27/2018,Fortaleza,3400,
7731,HL1918,iPhone,1,Bruna,Soares,12/12/2018,Fortaleza,5300,
7739,HL9962,Android,4,Carlos,Portela,8/9/2018,Fortaleza,3400,
7743,HL4379,Televisão,2,Wendela,Mariz,10/13/2018,Fortaleza,2500,
7767,HL1918,iPhone,4,Bernardo,Botelho,10/9/2018,Fortaleza,5300,
7772,HL2714,Tablet,5,Jônatas,Tanaka,7/3/2018,Fortaleza,1600,
7779,HL8851,Notebook,2,Rafael,Carneiro,1/7/2018,Fortaleza,3500,
7800,HL1918,iPhone,2,Bianca,Tatsch,8/11/2018,Fortaleza,5300,
7802,HL7348,SmartWatch,4,Ana,Felippe,11/9/2018,Fortaleza,1400,
7803,HL1918,iPhone,5,Bárbara,Cavalcante,6/24/2018,Fortaleza,5300,
7804,HL1148,Câmera,2,Caio,Fernandes,12/27/2018,Fortaleza,2100,
7816,HL2714,Tablet,5,Bruno,Ferreira,11/10/2018,Fortaleza,1600,
7817,HL1918,iPhone,3,Larissa,Cruz,10/30/2018,Fortaleza,5300,
7819,HL8851,Notebook,3,Sandy,Ribeiro,9/1/2018,Fortaleza,3500,
7824,HL4379,Televisão,2,Helvio,Pedrosa,12/14/2018,Fortaleza,2500,
7835,HL1918,iPhone,5,Lucas,Lima,7/16/2018,Fortaleza,5300,
7841,HL1148,Câmera,4,Tayla,Lima,11/15/2018,Fortaleza,2100,
7846,HL1918,iPhone,3,Antonio,Bernhardt,1/18/2018,Fortaleza,5300,
7852,HL9962,Android,3,Thiago,Nóbrega,1/30/2018,Fortaleza,3400,
7877,HL4379,Televisão,1,Platini,Heimlich,7/4/2018,Fortaleza,2500,
7883,HL1918,iPhone,1,Luiz,Freire,4/18/2018,Fortaleza,5300,
7887,HL2714,Tablet,4,Renan,Nascimento,3/29/2018,Fortaleza,1600,
7890,HL8851,Notebook,2,Lais,Candido,12/14/2018,Fortaleza,3500,
7900,HL8851,Notebook,5,Fernanda,Silva,4/17/2018,Fortaleza,3500,
7909,HL1918,iPhone,1,Sthefeson,Kohn,4/8/2018,Fortaleza,5300,
7910,HL1918,iPhone,2,Katharina,Barros,2/3/2018,Fortaleza,5300,
7913,HL2714,Tablet,2,Antonio,Manhães,4/23/2018,Fortaleza,1600,
7926,HL8851,Notebook,4,Victor,Lira,7/29/2018,Fortaleza,3500,
7963,HL4379,Televisão,4,Guilherme,Castilho,2/26/2018,Fortaleza,2500,
7971,HL1918,iPhone,2,Alon,Pestana,9/20/2018,Fortaleza,5300,
7972,HL1918,iPhone,1,Guilherme,Vianna,9/21/2018,Fortaleza,5300,
7977,HL7348,SmartWatch,2,Lucas,Villanova,9/19/2018,Fortaleza,1400,
7982,HL4379,Televisão,1,Roberta,Pimenta,8/26/2018,Fortaleza,2500,
7994,HL4379,Televisão,1,Natalia,Guedes,6/19/2018,Fortaleza,2500,
8001,HL8851,Notebook,3,Cassio,Faria,3/2/2018,Fortaleza,3500,
8007,HL7348,SmartWatch,1,Daniel,Nauenberg,12/22/2018,Fortaleza,1400,
8025,HL1918,iPhone,2,Raísa,Rodrigues,8/21/2018,Fortaleza,5300,
8026,HL9962,Android,2,Beatriz,Perdomo,12/22/2018,Fortaleza,3400,
8035,HL1918,iPhone,3,Sylvio,Bernhardt,7/22/2018,Fortaleza,5300,
8036,HL8851,Notebook,5,Bárbara,Lima,9/22/2018,Fortaleza,3500,
8046,HL1918,iPhone,3,João,Guadagnino,11/6/2018,Fortaleza,5300,
8058,HL2714,Tablet,5,Daniel,Valente,4/24/2018,Fortaleza,1600,
8059,HL8851,Notebook,1,Jônatas,Castro,7/19/2018,Fortaleza,3500,
8067,HL9962,Android,4,João,Ribeiro,2/14/2018,Fortaleza,3400,
8083,HL4379,Televisão,5,Victor,Franco,1/7/2018,Fortaleza,2500,
8085,HL1918,iPhone,1,Roberta,Nogueira,11/8/2018,Fortaleza,5300,
8099,HL1918,iPhone,5,Maria,Junior,10/28/2018,Fortaleza,5300,
8118,HL9962,Android,5,Thales,Santos,7/1/2018,Fortaleza,3400,
8125,HL9962,Android,1,Rafaela,Gomes,11/5/2018,Fortaleza,3400,
8132,HL1918,iPhone,4,Matheus,Delgado,2/25/2018,Fortaleza,5300,
8134,HL8851,Notebook,2,Eduardo,Nunes,3/23/2018,Fortaleza,3500,
8150,HL4379,Televisão,4,Alon,Pestana,5/31/2018,Fortaleza,2500,
8164,HL1918,iPhone,2,Milena,Pereira,5/1/2018,Fortaleza,5300,
8169,HL9962,Android,4,Gabriel,Rocha,10/27/2018,Fortaleza,3400,
8177,HL7348,SmartWatch,3,Mariana,Barrozo,10/15/2018,Fortaleza,1400,
8183,HL4379,Televisão,5,Michelle,Figueiredo,1/6/2018,Fortaleza,2500,
8191,HL1148,Câmera,3,Mariane,Ferreira,1/17/2018,Fortaleza,2100,
8192,HL8851,Notebook,3,Carlos,Araujo,3/26/2018,Fortaleza,3500,
8199,HL1918,iPhone,1,Matheus,Ramos,6/2/2018,Fortaleza,5300,
8203,HL2714,Tablet,3,Cézar,Santos,5/23/2018,Fortaleza,1600,
8211,HL1918,iPhone,2,Daniel,Sousa,12/1/2018,Fortaleza,5300,
8222,HL1918,iPhone,3,Raphael,Machado,9/11/2018,Fortaleza,5300,
8228,HL9962,Android,4,João,Fonseca,7/30/2018,Fortaleza,3400,
8230,HL1918,iPhone,3,Isabel,Leite,11/21/2018,Fortaleza,5300,
8233,HL1148,Câmera,4,Luiz,Limp,1/24/2018,Fortaleza,2100,
8235,HL4379,Televisão,2,Beatriz,Biase,2/13/2018,Fortaleza,2500,
8237,HL1148,Câmera,1,Victoria,Mazza,4/3/2018,Fortaleza,2100,
8239,HL7348,SmartWatch,5,Júlio,Fraga,6/19/2018,Fortaleza,1400,
8240,HL7348,SmartWatch,5,Gabrielle,Viríssimo,2/7/2018,Fortaleza,1400,
8241,HL1918,iPhone,4,Victor,Lira,1/20/2018,Fortaleza,5300,
8248,HL8851,Notebook,2,Pedro,Cardoso,1/15/2018,Fortaleza,3500,
8250,HL2714,Tablet,3,Gabrielle,Figueiredo,4/11/2018,Fortaleza,1600,
8251,HL7348,SmartWatch,3,Raphael,Mattos,5/23/2018,Fortaleza,1400,
8255,HL1148,Câmera,5,Mariane,Racy,3/21/2018,Fortaleza,2100,
8275,HL2714,Tablet,5,David,Assumpção,4/2/2018,Fortaleza,1600,
8288,HL7348,SmartWatch,5,Thaís,Pereira,3/30/2018,Fortaleza,1400,
8289,HL1918,iPhone,3,Pedro,Martins,6/11/2018,Fortaleza,5300,
8290,HL2714,Tablet,3,Luis,Silva,12/2/2018,Fortaleza,1600,
8294,HL1148,Câmera,4,Antonio,Manhães,10/27/2018,Fortaleza,2100,
8296,HL4379,Televisão,3,Rodrigo,Silva,12/5/2018,Fortaleza,2500,
8313,HL1918,iPhone,1,Dykson,Silva,1/1/2018,Fortaleza,5300,
8329,HL1918,iPhone,4,Gustavo,Azevedo,10/2/2018,Fortaleza,5300,
8338,HL9962,Android,3,Carolina,Alfradique,12/27/2018,Fortaleza,3400,
8350,HL2714,Tablet,3,Juliana,Pacheco,8/6/2018,Fortaleza,1600,
8359,HL8851,Notebook,5,Lorena,Carvalho,10/25/2018,Fortaleza,3500,
8360,HL7348,SmartWatch,4,Daniel,Alcoforado,2/23/2018,Fortaleza,1400,
8366,HL7348,SmartWatch,1,Felipe,Mello,5/6/2018,Fortaleza,1400,
8367,HL1918,iPhone,2,Guilherme,Lima,4/14/2018,Fortaleza,5300,
8371,HL4379,Televisão,2,Pedro,Delgado,6/13/2018,Fortaleza,2500,
8373,HL2714,Tablet,3,Diogo,Peixoto,9/5/2018,Fortaleza,1600,
8384,HL1918,iPhone,5,Marina,Miranda,1/28/2018,Fortaleza,5300,
8402,HL1918,iPhone,5,Caroline,Pinto,11/24/2018,Fortaleza,5300,
8407,HL4379,Televisão,1,Luana,Santana,8/5/2018,Fortaleza,2500,
8415,HL4379,Televisão,2,Luis,Oliveira,4/1/2018,Fortaleza,2500,
8432,HL2714,Tablet,3,Ana,Gonzaga,8/1/2018,Fortaleza,1600,
8435,HL1918,iPhone,4,Gabriel,Ribeiro,5/27/2018,Fortaleza,5300,
8441,HL1918,iPhone,2,Raphael,Kurtz,8/13/2018,Fortaleza,5300,
8443,HL1918,iPhone,1,Ylana,Teraoka,1/30/2018,Fortaleza,5300,
8444,HL8851,Notebook,5,Gabriel,Azevedo,9/3/2018,Fortaleza,3500,
8454,HL4379,Televisão,3,Mayara,Soares,6/30/2018,Fortaleza,2500,
8470,HL7348,SmartWatch,5,Pedro,Macckione,11/21/2018,Fortaleza,1400,
8492,HL1918,iPhone,4,Luis,Garcia,4/12/2018,Fortaleza,5300,
8521,HL1918,iPhone,3,Gabriella,Sagrillo,12/8/2018,Fortaleza,5300,
8522,HL1918,iPhone,1,Luis,Silva,9/11/2018,Fortaleza,5300,
8528,HL1148,Câmera,3,Beatriz,Rodrigues,8/21/2018,Fortaleza,2100,
8533,HL2714,Tablet,5,Isabella,Montanholi,1/11/2018,Fortaleza,1600,
8543,HL8851,Notebook,3,Bárbara,Lima,5/31/2018,Fortaleza,3500,
8548,HL2714,Tablet,5,Anna,Silva,3/30/2018,Fortaleza,1600,
8560,HL2714,Tablet,5,Thaís,Pereira,7/27/2018,Fortaleza,1600,
8562,HL4379,Televisão,4,Guilherme,Seixas,5/16/2018,Fortaleza,2500,
8570,HL2714,Tablet,3,Sthefeson,Barroso,11/28/2018,Fortaleza,1600,
8573,HL1148,Câmera,2,Marina,Delgado,5/13/2018,Fortaleza,2100,
8579,HL8851,Notebook,5,Priscila,Carvalho,7/30/2018,Fortaleza,3500,
8581,HL2714,Tablet,2,Renan,Nascimento,8/29/2018,Fortaleza,1600,
8583,HL8851,Notebook,4,Joyce,Souza,12/4/2018,Fortaleza,3500,
8584,HL9962,Android,1,Jessica,Ferreira,2/19/2018,Fortaleza,3400,
8585,HL8851,Notebook,4,Brenno,Santos,8/9/2018,Fortaleza,3500,
8586,HL4379,Televisão,5,Arthur,Pereira,7/19/2018,Fortaleza,2500,
8593,HL9962,Android,2,Bruna,Rosa,1/24/2018,Fortaleza,3400,
8594,HL2714,Tablet,1,Beatriz,Biase,7/10/2018,Fortaleza,1600,
8599,HL4379,Televisão,3,Luis,Garcia,8/8/2018,Fortaleza,2500,
8603,HL8851,Notebook,3,Matheus,Gomes,5/18/2018,Fortaleza,3500,
8606,HL9962,Android,4,Thales,Andrade,8/20/2018,Fortaleza,3400,
8612,HL7348,SmartWatch,4,Matheus,Silva,1/24/2018,Fortaleza,1400,
8618,HL1918,iPhone,4,Gustavo,Azevedo,12/18/2018,Fortaleza,5300,
8620,HL1918,iPhone,2,Matheus,Gomes,3/26/2018,Fortaleza,5300,
8629,HL7348,SmartWatch,5,Marcelo,Guadagnino,1/8/2018,Fortaleza,1400,
8636,HL1918,iPhone,3,Luíza,Garcia,11/9/2018,Fortaleza,5300,
8647,HL4379,Televisão,4,Lunna,Vannier,12/25/2018,Fortaleza,2500,
8658,HL1148,Câmera,1,Pedro,Lyra,1/25/2018,Fortaleza,2100,
8663,HL8851,Notebook,4,Caio,Silva,3/25/2018,Fortaleza,3500,
8669,HL1918,iPhone,5,Lázaro,Villanova,2/6/2018,Fortaleza,5300,
8677,HL4379,Televisão,5,Sandy,Moreira,2/4/2018,Fortaleza,2500,
8689,HL4379,Televisão,1,Bianca,Tatsch,11/20/2018,Fortaleza,2500,
8712,HL4379,Televisão,5,Stefan,Nunes,11/10/2018,Fortaleza,2500,
8714,HL7348,SmartWatch,2,Alon,Palmeira,9/12/2018,Fortaleza,1400,
8716,HL4379,Televisão,4,Carolina,Santos,10/9/2018,Fortaleza,2500,
8728,HL4379,Televisão,3,Miguel,Carneiro,8/27/2018,Fortaleza,2500,
8729,HL1148,Câmera,2,Rodrigo,Feijo,3/30/2018,Fortaleza,2100,
8732,HL2714,Tablet,2,Lucas,Freitas,1/21/2018,Fortaleza,1600,
8734,HL1918,iPhone,4,Fabio,Ramos,5/31/2018,Fortaleza,5300,
8741,HL4379,Televisão,5,Vanessa,Rodrigues,8/24/2018,Fortaleza,2500,
8757,HL1918,iPhone,4,Priscila,Suzano,3/29/2018,Fortaleza,5300,
8774,HL1918,iPhone,3,Vittorio,Freitas,1/15/2018,Fortaleza,5300,
8784,HL1918,iPhone,1,Rafael,Carneiro,2/25/2018,Fortaleza,5300,
8796,HL7348,SmartWatch,2,Ives,Pinheiro,6/20/2018,Fortaleza,1400,
8799,HL4379,Televisão,3,João,Monteiro,11/22/2018,Fortaleza,2500,
8820,HL2714,Tablet,5,Julia,Silva,12/26/2018,Fortaleza,1600,
8821,HL1918,iPhone,3,Henrique,Oliveira,4/25/2018,Fortaleza,5300,
8825,HL1918,iPhone,1,Matheus,Delgado,4/2/2018,Fortaleza,5300,
8828,HL1918,iPhone,4,Caio,Affonso,8/7/2018,Fortaleza,5300,
8831,HL9962,Android,5,Izabel,Lopes,10/9/2018,Fortaleza,3400,
8833,HL8851,Notebook,5,Bianca,Paz,5/15/2018,Fortaleza,3500,
8836,HL1918,iPhone,2,Matheus,Ramos,6/10/2018,Fortaleza,5300,
8847,HL1918,iPhone,2,José,Marques,4/13/2018,Fortaleza,5300,
8853,HL8851,Notebook,5,Stela,Mendonça,4/16/2018,Fortaleza,3500,
8873,HL1918,iPhone,2,Juliana,Silva,2/18/2018,Fortaleza,5300,
8879,HL1918,iPhone,3,Caio,Caldas,7/27/2018,Fortaleza,5300,
8881,HL9962,Android,3,Carolina,Alfradique,8/11/2018,Fortaleza,3400,
8889,HL1918,iPhone,3,Daniel,Ortiz,3/4/2018,Fortaleza,5300,
8903,HL1148,Câmera,1,Guilherme,Marchesi,6/18/2018,Fortaleza,2100,
8906,HL4379,Televisão,4,Beatriz,Nogueira,1/20/2018,Fortaleza,2500,
8917,HL8851,Notebook,1,Andreza,Ramos,6/5/2018,Fortaleza,3500,
8938,HL8851,Notebook,1,Rilson,Guedes,2/4/2018,Fortaleza,3500,
8940,HL4379,Televisão,5,Sthefeson,Barroso,7/14/2018,Fortaleza,2500,
8950,HL4379,Televisão,5,Thales,Santos,11/10/2018,Fortaleza,2500,
8951,HL4379,Televisão,3,Rodrigo,Silva,5/27/2018,Fortaleza,2500,
8953,HL8851,Notebook,1,Pedro,Sena,9/14/2018,Fortaleza,3500,
8955,HL8851,Notebook,1,Yasser,Calbucci,8/30/2018,Fortaleza,3500,
8963,HL4379,Televisão,5,Daniel,Costa,6/6/2018,Fortaleza,2500,
8979,HL8851,Notebook,5,Lucas,Freire,1/25/2018,Fortaleza,3500,
8980,HL4379,Televisão,5,Caio,Vianna,6/21/2018,Fortaleza,2500,
8987,HL4379,Televisão,3,Tayla,Lima,5/8/2018,Fortaleza,2500,
8989,HL1148,Câmera,4,Felipe,Mendonça,3/18/2018,Fortaleza,2100,
8993,HL7348,SmartWatch,3,Gabriel,Almeida,12/13/2018,Fortaleza,1400,
9005,HL9962,Android,5,Brenno,Santos,7/23/2018,Fortaleza,3400,
9011,HL2714,Tablet,2,Pedro,Ferrari,10/29/2018,Fortaleza,1600,
9021,HL1148,Câmera,5,Deysiane,Medronho,4/13/2018,Fortaleza,2100,
9024,HL1918,iPhone,2,Guilherme,Castilho,1/31/2018,Fortaleza,5300,
9030,HL8851,Notebook,3,Ana,Silva,12/14/2018,Fortaleza,3500,
9041,HL8851,Notebook,3,Caio,Silva,1/6/2018,Fortaleza,3500,
9046,HL1918,iPhone,1,José,Marques,9/18/2018,Fortaleza,5300,
9058,HL1918,iPhone,3,Carolina,Rocha,9/3/2018,Fortaleza,5300,
9064,HL1918,iPhone,3,Michelle,Pereira,9/11/2018,Fortaleza,5300,
9070,HL4379,Televisão,4,Guilherme,Lima,10/23/2018,Fortaleza,2500,
9073,HL4379,Televisão,2,Felipe,Mendonça,2/28/2018,Fortaleza,2500,
9077,HL1918,iPhone,3,Camilla,Cardeman,7/25/2018,Fortaleza,5300,
9079,HL7348,SmartWatch,4,Ian,Almeida,4/9/2018,Fortaleza,1400,
9081,HL8851,Notebook,3,Raphael,Mattos,8/19/2018,Fortaleza,3500,
9082,HL1918,iPhone,5,Wilson,Miranda,6/16/2018,Fortaleza,5300,
9084,HL2714,Tablet,4,Lucas,Rocha,12/12/2018,Fortaleza,1600,
9092,HL2714,Tablet,2,Amanda,Procaci,6/20/2018,Fortaleza,1600,
9100,HL9962,Android,1,Isabela,Resende,2/2/2018,Fortaleza,3400,
9103,HL1918,iPhone,2,Lucas,Monte,5/14/2018,Fortaleza,5300,
9107,HL1918,iPhone,2,Lorena,Kohn,3/16/2018,Fortaleza,5300,
9108,HL4379,Televisão,3,Jorge,Fonseca,4/2/2018,Fortaleza,2500,
9109,HL4379,Televisão,4,Anderson,Barreto,5/2/2018,Fortaleza,2500,
9111,HL4379,Televisão,4,Fernanda,Figueiredo,8/1/2018,Fortaleza,2500,
9112,HL1918,iPhone,5,Anna,Silva,4/11/2018,Fortaleza,5300,
9133,HL4379,Televisão,1,Fernanda,Figueiredo,10/31/2018,Fortaleza,2500,
9153,HL8851,Notebook,4,Thales,Andrade,5/14/2018,Fortaleza,3500,
9170,HL4379,Televisão,2,Mariana,Miranda,12/30/2018,Fortaleza,2500,
9172,HL4379,Televisão,2,Letícia,Araujo,3/24/2018,Fortaleza,2500,
9184,HL1918,iPhone,3,Victor,Franco,11/13/2018,Fortaleza,5300,
9187,HL8851,Notebook,5,Marina,Gama,10/13/2018,Fortaleza,3500,
9192,HL9962,Android,1,Priscila,Garcia,10/2/2018,Fortaleza,3400,
9194,HL1148,Câmera,4,Sandy,Moreira,12/26/2018,Fortaleza,2100,
9201,HL1918,iPhone,3,Stephanie,Oliveira,6/9/2018,Fortaleza,5300,
9204,HL1918,iPhone,2,Maria,Correa,10/27/2018,Fortaleza,5300,
9211,HL4379,Televisão,3,Alexandre,Dantas,5/21/2018,Fortaleza,2500,
9218,HL1918,iPhone,4,Leticia,Mesquita,8/8/2018,Fortaleza,5300,
9219,HL8851,Notebook,2,Alexandre,Dantas,9/23/2018,Fortaleza,3500,
9228,HL1918,iPhone,1,Luiz,Conceição,7/11/2018,Fortaleza,5300,
9229,HL1918,iPhone,5,Carlos,Silva,12/12/2018,Fortaleza,5300,
9237,HL7348,SmartWatch,2,Rafael,Guimarães,12/20/2018,Fortaleza,1400,
9241,HL8851,Notebook,2,Julie,Ferreira,12/14/2018,Fortaleza,3500,
9247,HL1918,iPhone,5,Wilson,Vianna,6/18/2018,Fortaleza,5300,
9248,HL2714,Tablet,2,Aline,Morais,5/9/2018,Fortaleza,1600,
9257,HL4379,Televisão,3,Vivianne,Rodrigues,6/28/2018,Fortaleza,2500,
9258,HL7348,SmartWatch,5,Victor,Magalhães,8/14/2018,Fortaleza,1400,
9260,HL1918,iPhone,2,Gabrielle,Wanderley,10/22/2018,Fortaleza,5300,
9266,HL4379,Televisão,4,Caroline,Cavalcanti,2/11/2018,Fortaleza,2500,
9268,HL1918,iPhone,3,Giovana,Vilela,2/17/2018,Fortaleza,5300,
9270,HL1918,iPhone,2,Wendela,Veloso,4/14/2018,Fortaleza,5300,
9282,HL1918,iPhone,3,Jeferson,Sone,10/18/2018,Fortaleza,5300,
9284,HL8851,Notebook,5,Rebeca,Reis,3/17/2018,Fortaleza,3500,
9288,HL9962,Android,5,Raísa,Rodrigues,12/29/2018,Fortaleza,3400,
9310,HL2714,Tablet,3,Pedro,Sena,6/10/2018,Fortaleza,1600,
9311,HL8851,Notebook,4,Camilla,Guimarães,5/9/2018,Fortaleza,3500,
9319,HL9962,Android,3,Pedro,Ronfini,6/23/2018,Fortaleza,3400,
9324,HL8851,Notebook,2,Alon,Palmeira,9/14/2018,Fortaleza,3500,
9353,HL9962,Android,5,Lorena,Carvalho,4/25/2018,Fortaleza,3400,
9367,HL4379,Televisão,5,João,Guadagnino,9/15/2018,Fortaleza,2500,
9368,HL1918,iPhone,3,Caroline,Pinto,7/13/2018,Fortaleza,5300,
9372,HL1918,iPhone,2,Felipe,Mello,2/28/2018,Fortaleza,5300,
9381,HL1918,iPhone,2,Dykson,Silva,9/2/2018,Fortaleza,5300,
9385,HL8851,Notebook,4,Jonatas,Essaber,8/4/2018,Fortaleza,3500,
9423,HL1148,Câmera,1,Letícia,Rodrigues,11/5/2018,Fortaleza,2100,
9428,HL4379,Televisão,5,Roberto,Nogueira,6/6/2018,Fortaleza,2500,
9429,HL1918,iPhone,2,Guilherme,Rachide,8/20/2018,Fortaleza,5300,
9435,HL2714,Tablet,1,Raul,Junqueira,3/27/2018,Fortaleza,1600,
9443,HL8851,Notebook,2,Lucas,Lima,12/28/2018,Fortaleza,3500,
9446,HL1918,iPhone,1,Carolina,Vasconcelos,12/10/2018,Fortaleza,5300,
9449,HL9962,Android,3,Lucas,Wanderley,9/25/2018,Fortaleza,3400,
9461,HL1148,Câmera,5,Tiago,Pereira,6/14/2018,Fortaleza,2100,
9464,HL2714,Tablet,4,Luiz,Freire,4/23/2018,Fortaleza,1600,
9471,HL2714,Tablet,1,Tadeu,Nakayama,11/8/2018,Fortaleza,1600,
9482,HL9962,Android,2,Julia,Aliani,5/18/2018,Fortaleza,3400,
9485,HL1148,Câmera,1,Anna,Maia,12/26/2018,Fortaleza,2100,
9489,HL1918,iPhone,4,Daniel,Cardoso,11/4/2018,Fortaleza,5300,
9497,HL4379,Televisão,5,Jorge,Carvalho,2/15/2018,Fortaleza,2500,
9506,HL8851,Notebook,2,João,Capitulo,7/30/2018,Fortaleza,3500,
9507,HL1148,Câmera,2,Rafael,Rocha,3/17/2018,Fortaleza,2100,
9511,HL8851,Notebook,1,Camila,Sobral,12/19/2018,Fortaleza,3500,
9517,HL9962,Android,5,Bruno,Oliveira,11/25/2018,Fortaleza,3400,
9526,HL9962,Android,2,João,Monteiro,4/27/2018,Fortaleza,3400,
9531,HL4379,Televisão,4,Joao,Pereira,12/15/2018,Fortaleza,2500,
9532,HL7348,SmartWatch,5,Arthur,Portela,1/2/2018,Fortaleza,1400,
9533,HL8851,Notebook,3,Stela,Mendonça,1/15/2018,Fortaleza,3500,
9537,HL1918,iPhone,1,Marcelo,Borges,2/26/2018,Fortaleza,5300,
9544,HL1918,iPhone,5,Eric,Carvalho,8/31/2018,Fortaleza,5300,
9546,HL1148,Câmera,2,Julie,Ferreira,7/3/2018,Fortaleza,2100,
9548,HL2714,Tablet,2,Carolina,Vasconcelos,9/1/2018,Fortaleza,1600,
9550,HL4379,Televisão,2,Julia,Leite,9/5/2018,Fortaleza,2500,
9551,HL2714,Tablet,1,Giovanna,Santos,12/18/2018,Fortaleza,1600,
9555,HL7348,SmartWatch,1,Lucas,Cavalcanti,5/24/2018,Fortaleza,1400,
9557,HL1918,iPhone,3,Ulisses,Filho,3/23/2018,Fortaleza,5300,
9561,HL2714,Tablet,4,Victor,Franco,3/15/2018,Fortaleza,1600,
9564,HL7348,SmartWatch,3,Célio,Xavier,11/4/2018,Fortaleza,1400,
9565,HL2714,Tablet,5,Ana,Bôas,12/23/2018,Fortaleza,1600,
9568,HL1148,Câmera,4,Silvio,Provenzano,8/19/2018,Fortaleza,2100,
9570,HL1148,Câmera,2,Alex,Fernandes,12/1/2018,Fortaleza,2100,
9571,HL1918,iPhone,1,Raphael,Rezende,4/29/2018,Fortaleza,5300,
9575,HL7348,SmartWatch,5,Gabrielle,Silva,10/14/2018,Fortaleza,1400,
9578,HL1918,iPhone,5,Bruna,Rangel,2/17/2018,Fortaleza,5300,
9601,HL9962,Android,1,Silvio,Provenzano,3/30/2018,Fortaleza,3400,
9606,HL1918,iPhone,1,José,Carvalho,6/22/2018,Fortaleza,5300,
9615,HL9962,Android,3,José,Vieira,6/16/2018,Fortaleza,3400,
9617,HL4379,Televisão,1,Silvio,Provenzano,1/20/2018,Fortaleza,2500,
9618,HL4379,Televisão,1,Rilson,Guedes,3/21/2018,Fortaleza,2500,
9619,HL1148,Câmera,1,Roberto,Tiradentes,8/26/2018,Fortaleza,2100,
9646,HL1148,Câmera,2,Marcos,Nucci,5/21/2018,Fortaleza,2100,
9647,HL4379,Televisão,5,Igor,Azevedo,1/3/2018,Fortaleza,2500,
9650,HL1148,Câmera,3,Raphael,Guedes,6/23/2018,Fortaleza,2100,
9661,HL1918,iPhone,4,Luis,Garcia,10/10/2018,Fortaleza,5300,
9669,HL4379,Televisão,3,Eduardo,Peluzo,7/22/2018,Fortaleza,2500,
9670,HL4379,Televisão,3,Bruna,Franco,6/24/2018,Fortaleza,2500,
9672,HL9962,Android,4,Vitor,Boccaletti,8/8/2018,Fortaleza,3400,
9678,HL7348,SmartWatch,5,Rodrigo,Mendes,7/22/2018,Fortaleza,1400,
9683,HL1148,Câmera,1,Morgana,Correa,3/13/2018,Fortaleza,2100,
9696,HL1918,iPhone,1,Jessica,Cordovil,7/17/2018,Fortaleza,5300,
9698,HL2714,Tablet,3,Victor,Soares,7/11/2018,Fortaleza,1600,
9706,HL1148,Câmera,2,Silvio,Provenzano,7/13/2018,Fortaleza,2100,
9711,HL4379,Televisão,2,Amanda,Roberto,4/26/2018,Fortaleza,2500,
9718,HL7348,SmartWatch,5,Diogo,Peixoto,10/21/2018,Fortaleza,1400,
9727,HL4379,Televisão,1,Breno,Costa,11/22/2018,Fortaleza,2500,
9733,HL1918,iPhone,3,Lunna,Vannier,12/5/2018,Fortaleza,5300,
9738,HL4379,Televisão,4,Norman,Jimbo,5/8/2018,Fortaleza,2500,
9739,HL1148,Câmera,4,José,Fonseca,10/3/2018,Fortaleza,2100,
9746,HL7348,SmartWatch,1,Diego,Marchesi,12/4/2018,Fortaleza,1400,
9751,HL4379,Televisão,2,Audir,Franco,8/17/2018,Fortaleza,2500,
9765,HL1918,iPhone,1,Ana,Gomes,1/31/2018,Fortaleza,5300,
9768,HL1148,Câmera,3,Lucas,Baptista,12/5/2018,Fortaleza,2100,
9774,HL1918,iPhone,2,Amanda,Felippe,1/3/2018,Fortaleza,5300,
9793,HL2714,Tablet,3,Juliana,Mesquita,10/28/2018,Fortaleza,1600,
9797,HL1918,iPhone,5,Arthur,Fernandes,6/7/2018,Fortaleza,5300,
9799,HL4379,Televisão,1,Joao,Pereira,11/14/2018,Fortaleza,2500,
9811,HL1918,iPhone,4,João,Alves,11/18/2018,Fortaleza,5300,
9812,HL8851,Notebook,1,Thaís,Pereira,1/7/2018,Fortaleza,3500,
9813,HL1918,iPhone,5,Maria,Mello,4/21/2018,Fortaleza,5300,
9824,HL4379,Televisão,1,Adriana,Passos,7/23/2018,Fortaleza,2500,
9829,HL1148,Câmera,2,Lucas,Neto,8/19/2018,Fortaleza,2100,
9830,HL4379,Televisão,3,Stephanie,Gonçalves,1/15/2018,Fortaleza,2500,
9834,HL4379,Televisão,5,Myllena,Corrêa,12/11/2018,Fortaleza,2500,
9843,HL8851,Notebook,4,Raíssa,Nimer,1/14/2018,Fortaleza,3500,
9854,HL8851,Notebook,2,Eduardo,Pacheco,4/28/2018,Fortaleza,3500,
9870,HL1918,iPhone,5,Jeferson,Costa,12/8/2018,Fortaleza,5300,
9878,HL4379,Televisão,1,Sthefeson,Barroso,5/2/2018,Fortaleza,2500,
9886,HL9962,Android,1,Bárbara,Lima,9/10/2018,Fortaleza,3400,
9890,HL1918,iPhone,4,Pedro,Dalforne,6/20/2018,Fortaleza,5300,
9893,HL1918,iPhone,3,Pedro,Costa,2/28/2018,Fortaleza,5300,
9901,HL1918,iPhone,3,Renan,Melo,3/12/2018,Fortaleza,5300,
9912,HL1918,iPhone,3,Tayla,Lima,8/14/2018,Fortaleza,5300,
9913,HL8851,Notebook,2,Larissa,Jesus,1/26/2018,Fortaleza,3500,
9914,HL4379,Televisão,2,Victor,Gomes,10/24/2018,Fortaleza,2500,
9923,HL9962,Android,3,Daniel,Nauenberg,5/2/2018,Fortaleza,3400,
9934,HL7348,SmartWatch,5,Carlos,Portela,9/3/2018,Fortaleza,1400,
9956,HL1918,iPhone,3,Antônio,Soares,11/25/2018,Fortaleza,5300,
9959,HL1918,iPhone,4,Rafael,Carneiro,6/19/2018,Fortaleza,5300,
9974,HL1148,Câmera,2,Thales,Gouvêa,2/20/2018,Fortaleza,2100,
9979,HL1918,iPhone,5,Brenno,Santos,10/18/2018,Fortaleza,5300,
9994,HL4379,Televisão,2,Caio,Ferreira,5/18/2018,Fortaleza,2500,
9995,HL1148,Câmera,5,Kim,Ferreira,3/6/2018,Fortaleza,2100,
